Workbook
Name Level2ManDays: 変更履歴!Level2ManDays
Name Level2ManDays: [0]!Level2ManDays

Sheet 表紙
AB1: 共通部-ログ
B7: ="空間ID開発(GO言語版) "&AB1 -> 空間ID開発(GO言語版) 共通部-ログ
B17: 結合試験項目書
B20: =CONCATENATE(TEXT(MAX(変更履歴!C3:C7),"0.00"), "版") -> 1.01版
B23: 44971

Sheet 変更履歴
B2: 日時 | C2: 版 | D2: 変更箇所 | E2: 作業者 | F2: 変更内容
B3: 44957 | C3: 1 | D3: 全ページ | E3: α | F3: 新規改定
B4: 44971 | C4: 1.01 | D4: 1.結合試験 | E4: α | F4: 確認内容の記載が誤っていたため修正 No.共通部-ログ-結合-01-01-04-003 修正前： LogMessage_Test: %s, %d, %s, %g 修正後： LogMessage_Test: %!s(MISSING), %!d(MISSING), %!s(MISSING), %!g(MISSING)} No.共通部-ログ-結合-01-01-04-005 修正前： LogMessage_Test: Not Format 修正後： LogMessage_Test: Not Format %!(EXTRA string=int, int=10)

Sheet 集計
A1: 集計
B2: 試験シート | C2: 全項目数 | D2: 実施済み | E2: 未実施
B3: 1.結合試験 | C3: =VLOOKUP(B3,$B$8:$D$11,3,FALSE) -> 10 | D3: {=COUNTIF(INDIRECT(B3&"!$K$3:$K$1024"),"OK")-SUMPRODUCT((OFFSET(INDIRECT(B3&"!$K$3:$K$1024"),,)="OK")*(OFFSET(INDIRECT(B3&"!$M$3:$M$1024"),,)<>""))} -> 10 | E3: =C3-D3 -> 0
B4: 計 | C4: =SUM(C3:C3) -> 10 | D4: =SUM(D3:D3) -> 10 | E4: =SUM(E3:E3) -> 0
B6: 試験項目数内訳
B8: 1.結合試験 | C8: 全項目数 | D8: =SUM(D9:D11) -> 10
C9: 正常 | D9: {=COUNTIF(INDIRECT(B8&"!$E$3:$E$1024"),C9)-SUMPRODUCT((OFFSET(INDIRECT(B8&"!$E$3:$E$1024"),,)=C9)*(OFFSET(INDIRECT(B8&"!$M$3:$M$1024"),,)<>""))} -> 10
C10: 準正常 | D10: {=COUNTIF(INDIRECT(B8&"!$E$3:$E$1024"),C10)-SUMPRODUCT((OFFSET(INDIRECT(B8&"!$E$3:$E$1024"),,)=C10)*(OFFSET(INDIRECT(B8&"!$M$3:$M$1024"),,)<>""))} -> 0
C11: 異常 | D11: {=COUNTIF(INDIRECT(B8&"!$E$3:$E$1024"),C11)-SUMPRODUCT((OFFSET(INDIRECT(B8&"!$E$3:$E$1024"),,)=C11)*(OFFSET(INDIRECT(B8&"!$M$3:$M$1024"),,)<>""))} -> 0

Sheet 1.結合試験
A1: =MID(CELL("filename",$A$1),FIND("]",CELL("filename",$A$1))+3,31) -> 結合試験 | K1: OK, NG | R1: シート番号 | S1: =VALUE(MID(CELL("filename",$A$1),FIND("]",CELL("filename",$A$1))+1,2)) -> 1
A2: No | B2: 大項目 | C2: 中項目 | D2: 小項目 | E2: 試験種別 | F2: 優先度 | G2: 確認手順 | H2: 確認内容 | I2: 試験日 | J2: 試験者 | K2: 試験結果 | L2: 備考 | M2: 重複項目 | R2: 大番号 | S2: 中番号 | T2: 小番号
A3: =IF(B3<>"",表紙!$AB$1&"-"&"結合-"&TEXT($S$1,"00")&"-"&TEXT(R3,"00")&"-"&TEXT(S3,"00")&"-"&TEXT(T3,"０00"),"") -> 共通部-ログ-結合-01-01-01-001 | B3: ログ出力の動作確認 | C3: ログレベルに応じたログが出力確認 | D3: ログレベル設定：DebugLevel | E3: 正常 | G3: 1. "spatial-id/common/logger/logger.go"の定数"logLevel"を以下のように設定。 ----- logLevel = debugLevel ----- 2. 引数に以下を指定して、common.logger.Debugを呼び出す。 第1引数："LogLevel_Test: %s" 第2引数："Debug" | H3: ・ビルド、実行をしたディレクトリ直下に"log"ディレクトリが作成され、その配下に"spatial.log"が作成されていること。 ・ログファイルに以下のログメッセージが出力されていること。 ----- LogLevel_Test: Debug ----- ・出力されたログのフォーマットは以下のようになっていること。 [YYYY-MM-DD]T[hh:mm:ss.sss]Z DEBUG [logger.DEBUG呼び出し元:行数] [ログメッセージ] ※[]で囲まれている部分は、日時など可変となる要素 | I3: 44971 | J3: 石垣 | K3: OK | R3: =IF(ROW()<>3,IF(B2<>B3,#REF!+1,#REF!),1) -> 1 | S3: =IF(B2=B3,IF(C2<>C3,#REF!+1,#REF!),1) -> 1 | T3: =IF(B2<>B3,1,IF(C2=C3,#REF!+1,1)) -> 1
A4: =IF(B4<>"",表紙!$AB$1&"-"&"結合-"&TEXT($S$1,"00")&"-"&TEXT(R4,"00")&"-"&TEXT(S4,"00")&"-"&TEXT(T4,"０00"),"") -> 共通部-ログ-結合-01-01-01-002 | B4: ログ出力の動作確認 | C4: ログレベルに応じたログが出力確認 | D4: ログレベル設定：InfoLevel | E4: 正常 | G4: 1. "spatial-id/common/logger/logger.go"の定数"logLevel"を以下のように設定。 ----- logLevel = infoLevel ----- 2. 引数に以下を指定して、common.logger.Debugを呼び出す。 第1引数："LogLevel_Test: %s" 第2引数："Info" | H4: ・ビルド、実行をしたディレクトリ直下に"log"ディレクトリが作成され、その配下に"spatial.log"が作成されていること。 ・ログファイルにはログメッセージが出力されていないこと。 | I4: 44971 | J4: 石垣 | K4: OK | R4: =IF(ROW()<>3,IF(B3<>B4,R3+1,R3),1) -> 1 | S4: =IF(B3=B4,IF(C3<>C4,S3+1,S3),1) -> 1 | T4: =IF(B3<>B4,1,IF(C3=C4,T3+1,1)) -> 2
A5: =IF(B5<>"",表紙!$AB$1&"-"&"結合-"&TEXT($S$1,"00")&"-"&TEXT(R5,"00")&"-"&TEXT(S5,"00")&"-"&TEXT(T5,"０00"),"") -> 共通部-ログ-結合-01-01-02-001 | B5: ログ出力の動作確認 | C5: ログ出力先のパスが予定通りのパスであること | D5: - | E5: 正常 | M5: =$A$3 -> 共通部-ログ-結合-01-01-01-001 | R5: =IF(ROW()<>3,IF(B4<>B5,R4+1,R4),1) -> 1 | S5: =IF(B4=B5,IF(C4<>C5,S4+1,S4),1) -> 2 | T5: =IF(B4<>B5,1,IF(C4=C5,T4+1,1)) -> 1
A6: =IF(B6<>"",表紙!$AB$1&"-"&"結合-"&TEXT($S$1,"00")&"-"&TEXT(R6,"00")&"-"&TEXT(S6,"00")&"-"&TEXT(T6,"０00"),"") -> 共通部-ログ-結合-01-01-03-001 | B6: ログ出力の動作確認 | C6: ログの出力フォーマットが予定通りであること | D6: - | E6: 正常 | M6: =$A$3 -> 共通部-ログ-結合-01-01-01-001 | R6: =IF(ROW()<>3,IF(B5<>B6,R5+1,R5),1) -> 1 | S6: =IF(B5=B6,IF(C5<>C6,S5+1,S5),1) -> 3 | T6: =IF(B5<>B6,1,IF(C5=C6,T5+1,1)) -> 1
A7: =IF(B7<>"",表紙!$AB$1&"-"&"結合-"&TEXT($S$1,"00")&"-"&TEXT(R7,"00")&"-"&TEXT(S7,"00")&"-"&TEXT(T7,"０00"),"") -> 共通部-ログ-結合-01-01-04-001 | B7: ログ出力の動作確認 | C7: 第1引数と第2引数の入力に応じたログが出力されること | D7: 第1引数：書式フォーマットを入力 第2引数：フォーマット対応値1つ | E7: 正常 | M7: =$A$3 -> 共通部-ログ-結合-01-01-01-001 | R7: =IF(ROW()<>3,IF(B6<>B7,R6+1,R6),1) -> 1 | S7: =IF(B6=B7,IF(C6<>C7,S6+1,S6),1) -> 4 | T7: =IF(B6<>B7,1,IF(C6=C7,T6+1,1)) -> 1
A8: =IF(B8<>"",表紙!$AB$1&"-"&"結合-"&TEXT($S$1,"00")&"-"&TEXT(R8,"00")&"-"&TEXT(S8,"00")&"-"&TEXT(T8,"０00"),"") -> 共通部-ログ-結合-01-01-04-002 | B8: ログ出力の動作確認 | C8: 第1引数と第2引数の入力に応じたログが出力されること | D8: 第1引数：書式フォーマットを入力 第2引数以降：フォーマット対応値複数 | E8: 正常 | G8: 1. 引数に以下を指定して、common.logger.Debugを呼び出す。 第1引数："LogMessage_Test: %s, %d, %s, %g" 第2引数："int" 第3引数：10 第4引数："float" 第5引数：10.12345 | H8: ・ビルド、実行をしたディレクトリ直下に"log"ディレクトリが作成され、その配下に"spatial.log"が作成されていること。 ・ログファイルに以下のログメッセージが出力されていること。 ----- LogMessage_Test: int, 10, float, 10.12345 ----- | I8: 44971 | J8: 石垣 | K8: OK | R8: =IF(ROW()<>3,IF(B7<>B8,R7+1,R7),1) -> 1 | S8: =IF(B7=B8,IF(C7<>C8,S7+1,S7),1) -> 4 | T8: =IF(B7<>B8,1,IF(C7=C8,T7+1,1)) -> 2
A9: =IF(B9<>"",表紙!$AB$1&"-"&"結合-"&TEXT($S$1,"00")&"-"&TEXT(R9,"00")&"-"&TEXT(S9,"00")&"-"&TEXT(T9,"０00"),"") -> 共通部-ログ-結合-01-01-04-003 | B9: ログ出力の動作確認 | C9: 第1引数と第2引数の入力に応じたログが出力されること | D9: 第1引数：書式フォーマットを入力 第2引数：入力なし | E9: 正常 | G9: 1. 引数に以下を指定して、common.logger.Debugを呼び出す。 第1引数："LogMessage_Test: %s, %d, %s, %g" | H9: ・ビルド、実行をしたディレクトリ直下に"log"ディレクトリが作成され、その配下に"spatial.log"が作成されていること。 ・ログファイルに以下のログメッセージが出力されていること。 ----- LogMessage_Test: %!s(MISSING), %!d(MISSING), %!s(MISSING), %!g(MISSING)} ----- | I9: 44971 | J9: 石垣 | K9: OK | R9: =IF(ROW()<>3,IF(B8<>B9,R8+1,R8),1) -> 1 | S9: =IF(B8=B9,IF(C8<>C9,S8+1,S8),1) -> 4 | T9: =IF(B8<>B9,1,IF(C8=C9,T8+1,1)) -> 3
A10: =IF(B10<>"",表紙!$AB$1&"-"&"結合-"&TEXT($S$1,"00")&"-"&TEXT(R10,"00")&"-"&TEXT(S10,"00")&"-"&TEXT(T10,"０00"),"") -> 共通部-ログ-結合-01-01-04-004 | B10: ログ出力の動作確認 | C10: 第1引数と第2引数の入力に応じたログが出力されること | D10: 第1引数：書式フォーマットでない入力 第2引数：入力なし | E10: 正常 | G10: 1. 引数に以下を指定して、common.logger.Debugを呼び出す。 第1引数："LogMessage_Test: Not Format" | H10: ・ビルド、実行をしたディレクトリ直下に"log"ディレクトリが作成され、その配下に"spatial.log"が作成されていること。 ・ログファイルに以下のログメッセージが出力されていること。 ----- LogMessage_Test: Not Format ----- | I10: 44971 | J10: 石垣 | K10: OK | R10: =IF(ROW()<>3,IF(B9<>B10,R9+1,R9),1) -> 1 | S10: =IF(B9=B10,IF(C9<>C10,S9+1,S9),1) -> 4 | T10: =IF(B9<>B10,1,IF(C9=C10,T9+1,1)) -> 4
A11: =IF(B11<>"",表紙!$AB$1&"-"&"結合-"&TEXT($S$1,"00")&"-"&TEXT(R11,"00")&"-"&TEXT(S11,"00")&"-"&TEXT(T11,"０00"),"") -> 共通部-ログ-結合-01-01-04-005 | B11: ログ出力の動作確認 | C11: 第1引数と第2引数の入力に応じたログが出力されること | D11: 第1引数：書式フォーマットでない入力 第2引数以降：任意の値 | E11: 正常 | G11: 1. 引数に以下を指定して、common.logger.Debugを呼び出す。 第1引数："LogMessage_Test: Not Format" 第2引数："int" 第3引数：10 | H11: ・ビルド、実行をしたディレクトリ直下に"log"ディレクトリが作成され、その配下に"spatial.log"が作成されていること。 ・ログファイルに以下のログメッセージが出力されていること。 ----- 修正後： LogMessage_Test: Not Format %!(EXTRA string=int, int=10) ----- | I11: 44971 | J11: 石垣 | K11: OK | R11: =IF(ROW()<>3,IF(B10<>B11,R10+1,R10),1) -> 1 | S11: =IF(B10=B11,IF(C10<>C11,S10+1,S10),1) -> 4 | T11: =IF(B10<>B11,1,IF(C10=C11,T10+1,1)) -> 5
A12: =IF(B12<>"",表紙!$AB$1&"-"&"結合-"&TEXT($S$1,"00")&"-"&TEXT(R12,"00")&"-"&TEXT(S12,"00")&"-"&TEXT(T12,"０00"),"") -> 共通部-ログ-結合-01-01-05-001 | B12: ログ出力の動作確認 | C12: ログ出力先ディレクトリの有無 | D12: ディレクトリが存在する | E12: 正常 | G12: 1. "spatial-id/common/logger/logger.go"の定数"変数"を以下のように設定。 ----- logDirName = "spatial_log" ----- 2. 試験を実行するディレクトリ直下に、手順1で設定した名前のディレクトリを作成。 3. 引数に以下を指定して、common.logger.Debugを呼び出す。 第1引数："LogDir_Test: %s" 第2引数："exist" | H12: ・ビルド、実行をしたディレクトリ直下にある"spatial_log"ディレクトリ配下に"spatial.log"が作成されていること。 ・ログファイルに以下のログメッセージが出力されていること。 ----- LogDir_Test: exist ----- | I12: 44971 | J12: 石垣 | K12: OK | L12: 試験用スクリプトの実行ログ出力先ディレクトリ名が、空間IDのログ出力ディレクトリと同名のため、本試験は空間IDログ出力ディレクトリ名を変更して行う。 試験の観点は、出力先が存在している/していない場合の動作確認であるため、ディレクトリ名を変更しても観点を満たす試験は可能。 | R12: =IF(ROW()<>3,IF(B11<>B12,R11+1,R11),1) -> 1 | S12: =IF(B11=B12,IF(C11<>C12,S11+1,S11),1) -> 5 | T12: =IF(B11<>B12,1,IF(C11=C12,T11+1,1)) -> 1
A13: =IF(B13<>"",表紙!$AB$1&"-"&"結合-"&TEXT($S$1,"00")&"-"&TEXT(R13,"00")&"-"&TEXT(S13,"00")&"-"&TEXT(T13,"０00"),"") -> 共通部-ログ-結合-01-01-05-002 | B13: ログ出力の動作確認 | C13: ログ出力先ディレクトリの有無 | D13: ディレクトリが存在しない | E13: 正常 | G13: 1. "spatial-id/common/logger/logger.go"の定数"変数"を以下のように設定。 ----- logDirName = "spatial_log" ----- 2. 試験を実行するディレクトリ直下に、手順1で設定した名前のディレクトリが存在しないことを確認 3. 引数に以下を指定して、common.logger.Debugを呼び出す。 第1引数："LogDir_Test: %s" 第2引数："not exist" | H13: ・ビルド、実行をしたディレクトリ直下に"spatial_log"ディレクトリが作成され、その配下に"spatial.log"が作成されていること。 ・ログファイルに以下のログメッセージが出力されていること。 ----- LogDir_Test: not exist ----- | I13: 44971 | J13: 石垣 | K13: OK | L13: 同上 | R13: =IF(ROW()<>3,IF(B12<>B13,R12+1,R12),1) -> 1 | S13: =IF(B12=B13,IF(C12<>C13,S12+1,S12),1) -> 5 | T13: =IF(B12<>B13,1,IF(C12=C13,T12+1,1)) -> 2
A14: =IF(B14<>"",表紙!$AB$1&"-"&"結合-"&TEXT($S$1,"00")&"-"&TEXT(R14,"00")&"-"&TEXT(S14,"00")&"-"&TEXT(T14,"０00"),"") -> 共通部-ログ-結合-01-01-05-003 | B14: ログ出力の動作確認 | C14: ログ出力先ディレクトリの有無 | D14: ディレクトリと同名のファイルが存在する | E14: 正常 | G14: 1. "spatial-id/common/logger/logger.go"の定数"変数"を以下のように設定。 ----- logDirName = "spatial_log" ----- 2. 試験を実行するディレクトリ直下に、手順1で設定した名前のファイルを作成。 3. 引数に以下を指定して、common.logger.Debugを呼び出す。 第1引数："LogDir_Test: %s" 第2引数："file exist" | H14: ・手順2で作成したファイルが変更されずに存在していること。 ・ログディレクトリ、ログファイルは作成されず、エラーにはならないこと ・以下のメッセージが標準出力されていること ----- ログディレクトリと同名のファイルが存在するため、ログが出力されません。 ログディレクトリ名：[ログディレクトリ名] ----- | I14: 44971 | J14: 石垣 | K14: OK | L14: 同上 | R14: =IF(ROW()<>3,IF(B13<>B14,R13+1,R13),1) -> 1 | S14: =IF(B13=B14,IF(C13<>C14,S13+1,S13),1) -> 5 | T14: =IF(B13<>B14,1,IF(C13=C14,T13+1,1)) -> 3
A15: =IF(B15<>"",表紙!$AB$1&"-"&"結合-"&TEXT($S$1,"00")&"-"&TEXT(R15,"00")&"-"&TEXT(S15,"00")&"-"&TEXT(T15,"０00"),"") -> 共通部-ログ-結合-01-01-06-001 | B15: ログ出力の動作確認 | C15: ログ出力先ファイルの有無 | D15: ファイルが存在する | E15: 正常 | G15: 1. "spatial-id/common/logger/logger.go"の定数"変数"を以下のように設定。 ----- logDirName = "spatial_log" ----- 2. 試験を実行するディレクトリ直下に、手順1で設定した名前のディレクトリを作成。 3. 手順2で作成したディレクトリ直下に、"spatial.log"を作成し、ファイル内に以下を記載 ----- Before_Test ----- 4. 引数に以下を指定して、common.logger.Debugを呼び出す。 第1引数："LogFile_Test: %s" 第2引数："exist" | H15: ・ビルド、実行をしたディレクトリ直下にある"spatial_log"ディレクトリ配下に"spatial.log"が存在していること。 ・試験実行前に"spatial.log"に記載されていた内容が残っていること。 ・ログファイルに以下のログメッセージが出力されていること。 ----- LogFile_Test: exist ----- | I15: 44971 | J15: 石垣 | K15: OK | L15: 同上 | R15: =IF(ROW()<>3,IF(B14<>B15,R14+1,R14),1) -> 1 | S15: =IF(B14=B15,IF(C14<>C15,S14+1,S14),1) -> 6 | T15: =IF(B14<>B15,1,IF(C14=C15,T14+1,1)) -> 1
A16: =IF(B16<>"",表紙!$AB$1&"-"&"結合-"&TEXT($S$1,"00")&"-"&TEXT(R16,"00")&"-"&TEXT(S16,"00")&"-"&TEXT(T16,"０00"),"") -> 共通部-ログ-結合-01-01-06-002 | B16: ログ出力の動作確認 | C16: ログ出力先ファイルの有無 | D16: ファイルが存在しない | E16: 正常 | L16: 同上 | M16: =$A$12 -> 共通部-ログ-結合-01-01-05-001 | R16: =IF(ROW()<>3,IF(B15<>B16,R15+1,R15),1) -> 1 | S16: =IF(B15=B16,IF(C15<>C16,S15+1,S15),1) -> 6 | T16: =IF(B15<>B16,1,IF(C15=C16,T15+1,1)) -> 2
A17: =IF(B17<>"",表紙!$AB$1&"-"&"結合-"&TEXT($S$1,"00")&"-"&TEXT(R17,"00")&"-"&TEXT(S17,"00")&"-"&TEXT(T17,"０00"),"") | R17: =IF(ROW()<>3,IF(B16<>B17,R16+1,R16),1) -> 2 | S17: =IF(B16=B17,IF(C16<>C17,S16+1,S16),1) -> 1 | T17: =IF(B16<>B17,1,IF(C16=C17,T16+1,1)) -> 1
A18: =IF(B18<>"",表紙!$AB$1&"-"&"結合-"&TEXT($S$1,"00")&"-"&TEXT(R18,"00")&"-"&TEXT(S18,"00")&"-"&TEXT(T18,"０00"),"") | R18: =IF(ROW()<>3,IF(B17<>B18,R17+1,R17),1) -> 2 | S18: =IF(B17=B18,IF(C17<>C18,S17+1,S17),1) -> 1 | T18: =IF(B17<>B18,1,IF(C17=C18,T17+1,1)) -> 2
A19: =IF(B19<>"",表紙!$AB$1&"-"&"結合-"&TEXT($S$1,"00")&"-"&TEXT(R19,"00")&"-"&TEXT(S19,"00")&"-"&TEXT(T19,"０00"),"") | R19: =IF(ROW()<>3,IF(B18<>B19,R18+1,R18),1) -> 2 | S19: =IF(B18=B19,IF(C18<>C19,S18+1,S18),1) -> 1 | T19: =IF(B18<>B19,1,IF(C18=C19,T18+1,1)) -> 3
A20: =IF(B20<>"",表紙!$AB$1&"-"&"結合-"&TEXT($S$1,"00")&"-"&TEXT(R20,"00")&"-"&TEXT(S20,"00")&"-"&TEXT(T20,"０00"),"") | R20: =IF(ROW()<>3,IF(B19<>B20,R19+1,R19),1) -> 2 | S20: =IF(B19=B20,IF(C19<>C20,S19+1,S19),1) -> 1 | T20: =IF(B19<>B20,1,IF(C19=C20,T19+1,1)) -> 4
A21: =IF(B21<>"",表紙!$AB$1&"-"&"結合-"&TEXT($S$1,"00")&"-"&TEXT(R21,"00")&"-"&TEXT(S21,"00")&"-"&TEXT(T21,"０00"),"") | R21: =IF(ROW()<>3,IF(B20<>B21,R20+1,R20),1) -> 2 | S21: =IF(B20=B21,IF(C20<>C21,S20+1,S20),1) -> 1 | T21: =IF(B20<>B21,1,IF(C20=C21,T20+1,1)) -> 5
A22: =IF(B22<>"",表紙!$AB$1&"-"&"結合-"&TEXT($S$1,"00")&"-"&TEXT(R22,"00")&"-"&TEXT(S22,"00")&"-"&TEXT(T22,"０00"),"") | R22: =IF(ROW()<>3,IF(B21<>B22,R21+1,R21),1) -> 2 | S22: =IF(B21=B22,IF(C21<>C22,S21+1,S21),1) -> 1 | T22: =IF(B21<>B22,1,IF(C21=C22,T21+1,1)) -> 6
A23: =IF(B23<>"",表紙!$AB$1&"-"&"結合-"&TEXT($S$1,"00")&"-"&TEXT(R23,"00")&"-"&TEXT(S23,"00")&"-"&TEXT(T23,"０00"),"") | R23: =IF(ROW()<>3,IF(B22<>B23,R22+1,R22),1) -> 2 | S23: =IF(B22=B23,IF(C22<>C23,S22+1,S22),1) -> 1 | T23: =IF(B22<>B23,1,IF(C22=C23,T22+1,1)) -> 7
E27: A | F27: =COUNTIF($F$3:$F$23,E27) -> 0
E28: B | F28: =COUNTIF($F$3:$F$23,E28) -> 0
E29: C | F29: =COUNTIF($F$3:$F$23,E29) -> 0
