Workbook
Name Level2ManDays: 変更履歴!Level2ManDays
Name Level2ManDays: [0]!Level2ManDays

Sheet 表紙
AB1: 点群
B7: ="空間ID開発(GO言語版) "&AB1 -> 空間ID開発(GO言語版) 点群
B17: 結合試験項目書
B20: =CONCATENATE(TEXT(MAX(変更履歴!C3:C7),"0.00"), "版") -> 1.00版
B23: 44883

Sheet 変更履歴
B2: 日時 | C2: 版 | D2: 変更箇所 | E2: 作業者 | F2: 変更内容
B3: 44883 | C3: 1 | D3: 全ページ | E3: α | F3: 新規改定

Sheet 集計
A1: 集計
B2: 試験シート | C2: 全項目数 | D2: 実施済み | E2: 未実施
B3: 1.結合試験 | C3: =VLOOKUP(B3,$B$8:$D$11,3,FALSE) -> 83 | D3: {=COUNTIF(INDIRECT(B3&"!$K$3:$K$1024"),"OK")-SUMPRODUCT((OFFSET(INDIRECT(B3&"!$K$3:$K$1024"),,)="OK")*(OFFSET(INDIRECT(B3&"!$M$3:$M$1024"),,)<>""))} -> 83 | E3: =C3-D3 -> 0
B4: 計 | C4: =SUM(C3:C3) -> 83 | D4: =SUM(D3:D3) -> 83 | E4: =SUM(E3:E3) -> 0
B6: 試験項目数内訳
B8: 1.結合試験 | C8: 全項目数 | D8: =SUM(D9:D11) -> 83
C9: 正常 | D9: {=COUNTIF(INDIRECT(B8&"!$E$3:$E$1024"),C9)-SUMPRODUCT((OFFSET(INDIRECT(B8&"!$E$3:$E$1024"),,)=C9)*(OFFSET(INDIRECT(B8&"!$M$3:$M$1024"),,)<>""))} -> 40
C10: 準正常 | D10: {=COUNTIF(INDIRECT(B8&"!$E$3:$E$1024"),C10)-SUMPRODUCT((OFFSET(INDIRECT(B8&"!$E$3:$E$1024"),,)=C10)*(OFFSET(INDIRECT(B8&"!$M$3:$M$1024"),,)<>""))} -> 43
C11: 異常 | D11: {=COUNTIF(INDIRECT(B8&"!$E$3:$E$1024"),C11)-SUMPRODUCT((OFFSET(INDIRECT(B8&"!$E$3:$E$1024"),,)=C11)*(OFFSET(INDIRECT(B8&"!$M$3:$M$1024"),,)<>""))} -> 0

Sheet 1.結合試験
A1: =MID(CELL("filename",$A$1),FIND("]",CELL("filename",$A$1))+3,31) -> 結合試験 | K1: OK, NG | R1: シート番号 | S1: =VALUE(MID(CELL("filename",$A$1),FIND("]",CELL("filename",$A$1))+1,2)) -> 1
A2: No | B2: 大項目 | C2: 中項目 | D2: 小項目 | E2: 試験種別 | F2: 優先度 | G2: 確認手順 | H2: 確認内容 | I2: 試験日 | J2: 試験者 | K2: 試験結果 | L2: 備考 | M2: 重複項目 | R2: 大番号 | S2: 中番号 | T2: 小番号
A3: =IF(B3<>"",表紙!$AB$1&"-"&"結合-"&TEXT($S$1,"00")&"-"&TEXT(R3,"00")&"-"&TEXT(S3,"00")&"-"&TEXT(T3,"０00"),"") -> 点群-結合-01-01-01-001 | B3: 指定範囲の拡張空間ID変換 (点群) | C3: 範囲外の経度緯度を入力する | D3: 経度：180.1 | E3: 準正常 | G3: 1. 引数に以下を指定して、object.NewPointを呼び出す。 lon(経度): 180.1 lat(緯度): 正常な任意の値 alt(高さ): 正常な任意の値 | H3: ・以下のspatialIdErrorが返却されること - エラーコード：InputValueError - エラーメッセージ：入力チェックエラー | I3: 44889 | J3: 宮原 | K3: OK | R3: =IF(ROW()<>3,IF(B2<>B3,#REF!+1,#REF!),1) -> 1 | S3: =IF(B2=B3,IF(C2<>C3,#REF!+1,#REF!),1) -> 1 | T3: =IF(B2<>B3,1,IF(C2=C3,#REF!+1,1)) -> 1
A4: =IF(B4<>"",表紙!$AB$1&"-"&"結合-"&TEXT($S$1,"00")&"-"&TEXT(R4,"00")&"-"&TEXT(S4,"00")&"-"&TEXT(T4,"０00"),"") -> 点群-結合-01-01-01-002 | B4: 指定範囲の拡張空間ID変換 (点群) | C4: 範囲外の経度緯度を入力する | D4: 経度：-180.1 | E4: 準正常 | G4: 1. 引数に以下を指定して、object.NewPointを呼び出す。 lon(経度): -180.1 lat(緯度): 正常な任意の値 alt(高さ): 正常な任意の値 | H4: ・以下のspatialIdErrorが返却されること - エラーコード：InputValueError - エラーメッセージ：入力チェックエラー | I4: 44889 | J4: 宮原 | K4: OK | R4: =IF(ROW()<>3,IF(B3<>B4,R3+1,R3),1) -> 1 | S4: =IF(B3=B4,IF(C3<>C4,S3+1,S3),1) -> 1 | T4: =IF(B3<>B4,1,IF(C3=C4,T3+1,1)) -> 2
A5: =IF(B5<>"",表紙!$AB$1&"-"&"結合-"&TEXT($S$1,"00")&"-"&TEXT(R5,"00")&"-"&TEXT(S5,"00")&"-"&TEXT(T5,"０00"),"") -> 点群-結合-01-01-01-003 | B5: 指定範囲の拡張空間ID変換 (点群) | C5: 範囲外の経度緯度を入力する | D5: 緯度：85.0511287799 | E5: 準正常 | G5: 1. 引数に以下を指定して、object.NewPointを呼び出す。 lon(経度): 正常な任意の値 lat(緯度): 85.0511287799 alt(高さ): 正常な任意の値 | H5: ・以下のspatialIdErrorが返却されること - エラーコード：InputValueError - エラーメッセージ：入力チェックエラー | I5: 44889 | J5: 宮原 | K5: OK | R5: =IF(ROW()<>3,IF(B4<>B5,R4+1,R4),1) -> 1 | S5: =IF(B4=B5,IF(C4<>C5,S4+1,S4),1) -> 1 | T5: =IF(B4<>B5,1,IF(C4=C5,T4+1,1)) -> 3
A6: =IF(B6<>"",表紙!$AB$1&"-"&"結合-"&TEXT($S$1,"00")&"-"&TEXT(R6,"00")&"-"&TEXT(S6,"00")&"-"&TEXT(T6,"０00"),"") -> 点群-結合-01-01-01-004 | B6: 指定範囲の拡張空間ID変換 (点群) | C6: 範囲外の経度緯度を入力する | D6: 緯度：-85.0511287799 | E6: 準正常 | G6: 1. 引数に以下を指定して、object.NewPointを呼び出す。 lon(経度): 正常な任意の値 lat(緯度): -85.0511287799 alt(高さ): 正常な任意の値 | H6: ・以下のspatialIdErrorが返却されること - エラーコード：InputValueError - エラーメッセージ：入力チェックエラー | I6: 44889 | J6: 宮原 | K6: OK | R6: =IF(ROW()<>3,IF(B5<>B6,R5+1,R5),1) -> 1 | S6: =IF(B5=B6,IF(C5<>C6,S5+1,S5),1) -> 1 | T6: =IF(B5<>B6,1,IF(C5=C6,T5+1,1)) -> 4
A7: =IF(B7<>"",表紙!$AB$1&"-"&"結合-"&TEXT($S$1,"00")&"-"&TEXT(R7,"00")&"-"&TEXT(S7,"00")&"-"&TEXT(T7,"０00"),"") -> 点群-結合-01-01-01-005 | B7: 指定範囲の拡張空間ID変換 (点群) | C7: 範囲外の経度緯度を入力する | D7: 緯度：85.05112877991 | E7: 準正常 | G7: 1. 引数に以下を指定して、object.NewPointを呼び出す。 lon(経度): 正常な任意の値 lat(緯度): 85.05112877991 alt(高さ): 正常な任意の値 | H7: ・以下のspatialIdErrorが返却されること - エラーコード：InputValueError - エラーメッセージ：入力チェックエラー | I7: 44889 | J7: 宮原 | K7: OK | R7: =IF(ROW()<>3,IF(B6<>B7,R6+1,R6),1) -> 1 | S7: =IF(B6=B7,IF(C6<>C7,S6+1,S6),1) -> 1 | T7: =IF(B6<>B7,1,IF(C6=C7,T6+1,1)) -> 5
A8: =IF(B8<>"",表紙!$AB$1&"-"&"結合-"&TEXT($S$1,"00")&"-"&TEXT(R8,"00")&"-"&TEXT(S8,"00")&"-"&TEXT(T8,"０00"),"") -> 点群-結合-01-01-01-006 | B8: 指定範囲の拡張空間ID変換 (点群) | C8: 範囲外の経度緯度を入力する | D8: 緯度：-85.05112877991 | E8: 準正常 | G8: 1. 引数に以下を指定して、object.NewPointを呼び出す。 lon(経度): 正常な任意の値 lat(緯度): -85.05112877991 alt(高さ): 正常な任意の値 | H8: ・以下のspatialIdErrorが返却されること - エラーコード：InputValueError - エラーメッセージ：入力チェックエラー | I8: 44889 | J8: 宮原 | K8: OK | R8: =IF(ROW()<>3,IF(B7<>B8,R7+1,R7),1) -> 1 | S8: =IF(B7=B8,IF(C7<>C8,S7+1,S7),1) -> 1 | T8: =IF(B7<>B8,1,IF(C7=C8,T7+1,1)) -> 6
A9: =IF(B9<>"",表紙!$AB$1&"-"&"結合-"&TEXT($S$1,"00")&"-"&TEXT(R9,"00")&"-"&TEXT(S9,"00")&"-"&TEXT(T9,"０00"),"") -> 点群-結合-01-01-02-001 | B9: 指定範囲の拡張空間ID変換 (点群) | C9: 精度閾値を超過した値を入力する | D9: 水平精度：36 | E9: 準正常 | G9: 1. 引数に以下を指定して、shape.GetExtendedSpatialIdsOnPointsを呼び出す。 地理座標リスト: 正常な任意の値 水平精度: 36 垂直精度: 正常な任意の値 | H9: ・以下のspatialIdErrorが返却されること - エラーコード：InputValueError - エラーメッセージ：入力チェックエラー | I9: 44889 | J9: 宮原 | K9: OK | R9: =IF(ROW()<>3,IF(B8<>B9,R8+1,R8),1) -> 1 | S9: =IF(B8=B9,IF(C8<>C9,S8+1,S8),1) -> 2 | T9: =IF(B8<>B9,1,IF(C8=C9,T8+1,1)) -> 1
A10: =IF(B10<>"",表紙!$AB$1&"-"&"結合-"&TEXT($S$1,"00")&"-"&TEXT(R10,"00")&"-"&TEXT(S10,"00")&"-"&TEXT(T10,"０00"),"") -> 点群-結合-01-01-02-002 | B10: 指定範囲の拡張空間ID変換 (点群) | C10: 精度閾値を超過した値を入力する | D10: 水平精度：-1 | E10: 準正常 | G10: 1. 引数に以下を指定して、shape.GetExtendedSpatialIdsOnPointsを呼び出す。 地理座標リスト: 正常な任意の値 水平精度: -1 垂直精度: 正常な任意の値 | H10: ・以下のspatialIdErrorが返却されること - エラーコード：InputValueError - エラーメッセージ：入力チェックエラー | I10: 44889 | J10: 宮原 | K10: OK | R10: =IF(ROW()<>3,IF(B9<>B10,R9+1,R9),1) -> 1 | S10: =IF(B9=B10,IF(C9<>C10,S9+1,S9),1) -> 2 | T10: =IF(B9<>B10,1,IF(C9=C10,T9+1,1)) -> 2
A11: =IF(B11<>"",表紙!$AB$1&"-"&"結合-"&TEXT($S$1,"00")&"-"&TEXT(R11,"00")&"-"&TEXT(S11,"00")&"-"&TEXT(T11,"０00"),"") -> 点群-結合-01-01-02-003 | B11: 指定範囲の拡張空間ID変換 (点群) | C11: 精度閾値を超過した値を入力する | D11: 垂直精度：36 | E11: 準正常 | G11: 1. 引数に以下を指定して、shape.GetExtendedSpatialIdsOnPointsを呼び出す。 地理座標リスト: 正常な任意の値 水平精度: 正常な任意の値 垂直精度: 36 | H11: ・以下のspatialIdErrorが返却されること - エラーコード：InputValueError - エラーメッセージ：入力チェックエラー | I11: 44889 | J11: 宮原 | K11: OK | R11: =IF(ROW()<>3,IF(B10<>B11,R10+1,R10),1) -> 1 | S11: =IF(B10=B11,IF(C10<>C11,S10+1,S10),1) -> 2 | T11: =IF(B10<>B11,1,IF(C10=C11,T10+1,1)) -> 3
A12: =IF(B12<>"",表紙!$AB$1&"-"&"結合-"&TEXT($S$1,"00")&"-"&TEXT(R12,"00")&"-"&TEXT(S12,"00")&"-"&TEXT(T12,"０00"),"") -> 点群-結合-01-01-02-004 | B12: 指定範囲の拡張空間ID変換 (点群) | C12: 精度閾値を超過した値を入力する | D12: 垂直精度：-1 | E12: 準正常 | G12: 1. 引数に以下を指定して、shape.GetExtendedSpatialIdsOnPointsを呼び出す。 地理座標リスト: 正常な任意の値 水平精度: 正常な任意の値 垂直精度: -1 | H12: ・以下のspatialIdErrorが返却されること - エラーコード：InputValueError - エラーメッセージ：入力チェックエラー | I12: 44889 | J12: 宮原 | K12: OK | R12: =IF(ROW()<>3,IF(B11<>B12,R11+1,R11),1) -> 1 | S12: =IF(B11=B12,IF(C11<>C12,S11+1,S11),1) -> 2 | T12: =IF(B11<>B12,1,IF(C11=C12,T11+1,1)) -> 4
A13: =IF(B13<>"",表紙!$AB$1&"-"&"結合-"&TEXT($S$1,"00")&"-"&TEXT(R13,"00")&"-"&TEXT(S13,"00")&"-"&TEXT(T13,"０00"),"") -> 点群-結合-01-01-02-005 | B13: 指定範囲の拡張空間ID変換 (点群) | C13: 精度閾値を超過した値を入力する | D13: 水平・垂直精度：36 | E13: 準正常 | G13: 1. 引数に以下を指定して、shape.GetExtendedSpatialIdsOnPointsを呼び出す。 地理座標リスト: 正常な任意の値 水平精度: 36 垂直精度: 36 | H13: ・以下のspatialIdErrorが返却されること - エラーコード：InputValueError - エラーメッセージ：入力チェックエラー | I13: 44889 | J13: 宮原 | K13: OK | R13: =IF(ROW()<>3,IF(B12<>B13,R12+1,R12),1) -> 1 | S13: =IF(B12=B13,IF(C12<>C13,S12+1,S12),1) -> 2 | T13: =IF(B12<>B13,1,IF(C12=C13,T12+1,1)) -> 5
A14: =IF(B14<>"",表紙!$AB$1&"-"&"結合-"&TEXT($S$1,"00")&"-"&TEXT(R14,"00")&"-"&TEXT(S14,"00")&"-"&TEXT(T14,"０00"),"") -> 点群-結合-01-01-02-006 | B14: 指定範囲の拡張空間ID変換 (点群) | C14: 精度閾値を超過した値を入力する | D14: 水平・垂直精度：-1 | E14: 準正常 | G14: 1. 引数に以下を指定して、shape.GetExtendedSpatialIdsOnPointsを呼び出す。 地理座標リスト: 正常な任意の値 水平精度: -1 垂直精度: -1 | H14: ・以下のspatialIdErrorが返却されること - エラーコード：InputValueError - エラーメッセージ：入力チェックエラー | I14: 44889 | J14: 宮原 | K14: OK | R14: =IF(ROW()<>3,IF(B13<>B14,R13+1,R13),1) -> 1 | S14: =IF(B13=B14,IF(C13<>C14,S13+1,S13),1) -> 2 | T14: =IF(B13<>B14,1,IF(C13=C14,T13+1,1)) -> 6
A15: =IF(B15<>"",表紙!$AB$1&"-"&"結合-"&TEXT($S$1,"00")&"-"&TEXT(R15,"00")&"-"&TEXT(S15,"00")&"-"&TEXT(T15,"０00"),"") -> 点群-結合-01-01-03-001 | B15: 指定範囲の拡張空間ID変換 (点群) | C15: 座標にnilを入力する | D15: - | E15: 準正常 | G15: 1. 引数に以下を指定して、shape.GetExtendedSpatialIdsOnPointsを呼び出す。 地理座標リスト: nil 水平精度: 正常な任意の値 垂直精度: 正常な任意の値 | H15: ・以下のspatialIdErrorが返却されること - エラーコード：InputValueError - エラーメッセージ：入力チェックエラー | I15: 44890 | J15: 宮原 | K15: OK | R15: =IF(ROW()<>3,IF(B14<>B15,R14+1,R14),1) -> 1 | S15: =IF(B14=B15,IF(C14<>C15,S14+1,S14),1) -> 3 | T15: =IF(B14<>B15,1,IF(C14=C15,T14+1,1)) -> 1
... A22: =IF(B22<>"",表紙!$AB$1&"-"&"結合-"&TEXT($S$1,"00")&"-"&TEXT(R22,"00")&"-"&TEXT(S22,"00")&"-"&TEXT(T22,"０00"),"") -> 点群-結合-01-01-05-001 | B22: 指定範囲の拡張空間ID変換 (点群) | C22: 精度を変えても拡張空間IDが取得できる | D22: 水平精度：0 ～ 35 | E22: 正常 | G22: 1. 引数に以下を指定して、shape.GetExtendedSpatialIdsOnPointsを呼び出す。 "【別紙2】精度入力パターン"シート"◆指定範囲の拡張空間ID変換 (点群)"の「座標」、「精度」 ※0～35 全ての精度の結果を確認すること。 | H22: ・入力した座標パターンに対応した期待値が取得できること ・エラーインスタンスが返却されていないこと | I22: 44889 | J22: 宮原 | K22: OK | R22: =IF(ROW()<>3,IF(B21<>B22,R21+1,R21),1) -> 1 | S22: =IF(B21=B22,IF(C21<>C22,S21+1,S21),1) -> 5 | T22: =IF(B21<>B22,1,IF(C21=C22,T21+1,1)) -> 1
A23: =IF(B23<>"",表紙!$AB$1&"-"&"結合-"&TEXT($S$1,"00")&"-"&TEXT(R23,"00")&"-"&TEXT(S23,"00")&"-"&TEXT(T23,"０00"),"") -> 点群-結合-01-01-05-002 | B23: 指定範囲の拡張空間ID変換 (点群) | C23: 精度を変えても拡張空間IDが取得できる | D23: 垂直精度：0 ～ 35 | E23: 正常 | M23: =$A$22 -> 点群-結合-01-01-05-001 | R23: =IF(ROW()<>3,IF(B22<>B23,R22+1,R22),1) -> 1 | S23: =IF(B22=B23,IF(C22<>C23,S22+1,S22),1) -> 5 | T23: =IF(B22<>B23,1,IF(C22=C23,T22+1,1)) -> 2
A24: =IF(B24<>"",表紙!$AB$1&"-"&"結合-"&TEXT($S$1,"00")&"-"&TEXT(R24,"00")&"-"&TEXT(S24,"00")&"-"&TEXT(T24,"０00"),"") -> 点群-結合-01-01-06-001 | B24: 指定範囲の拡張空間ID変換 (点群) | C24: 「拡張空間IDから座標への変換」で取得した中心座標を入力する | D24: - | E24: 正常 | G24: 1. 引数に以下を指定して、shape.GetPointOnExtendedSpatialIdを呼び出す。 空間ID：正常な任意の値 オプション：common.enum.Center 2. 引数に以下を指定して、shape.GetExtendedSpatialIdsOnPointsを呼び出す。 地理座標リスト: 手順1で取得した地理座標 水平精度: 手順1で入力した空間IDの水平精度 垂直精度: 手順1で入力した空間IDの垂直精度 | H24: ・手順2実行で取得される空間IDが、手順1で入力したIDと同じであること ・エラーインスタンスが返却されていないこと | I24: 44889 | J24: 宮原 | K24: OK | R24: =IF(ROW()<>3,IF(B23<>B24,R23+1,R23),1) -> 1 | S24: =IF(B23=B24,IF(C23<>C24,S23+1,S23),1) -> 6 | T24: =IF(B23<>B24,1,IF(C23=C24,T23+1,1)) -> 1
A25: =IF(B25<>"",表紙!$AB$1&"-"&"結合-"&TEXT($S$1,"00")&"-"&TEXT(R25,"00")&"-"&TEXT(S25,"00")&"-"&TEXT(T25,"０00"),"") -> 点群-結合-01-01-07-001 | B25: 指定範囲の拡張空間ID変換 (点群) | C25: 「拡張空間IDから座標への変換」で取得した頂点座標を入力する | D25: - | E25: 正常 | G25: 1. 引数に以下を指定して、shape.GetPointOnExtendedSpatialIdを呼び出す。 空間ID：正常な任意の値 オプション：common.enum.Vertex 2. 引数に以下を指定して、shape.GetExtendedSpatialIdsOnPointsを呼び出す。 地理座標リスト: 手順1で取得した地理座標8つ 水平精度: 手順1で入力した空間IDの水平精度 垂直精度: 手順1で入力した空間IDの垂直精度 | H25: ・"【別紙3】相互変換"シート"◆指定範囲の拡張空間ID変換 (点群)"に記載されている、頂点座標のと変換後の空間IDの対応表と同様の結果が取得できること ・エラーインスタンスが返却されていないこと。 | I25: 44889 | J25: 宮原 | K25: OK | R25: =IF(ROW()<>3,IF(B24<>B25,R24+1,R24),1) -> 1 | S25: =IF(B24=B25,IF(C24<>C25,S24+1,S24),1) -> 7 | T25: =IF(B24<>B25,1,IF(C24=C25,T24+1,1)) -> 1
A26: =IF(B26<>"",表紙!$AB$1&"-"&"結合-"&TEXT($S$1,"00")&"-"&TEXT(R26,"00")&"-"&TEXT(S26,"00")&"-"&TEXT(T26,"０00"),"") -> 点群-結合-01-01-08-001 | B26: 指定範囲の拡張空間ID変換 (点群) | C26: 経度、緯度に境界値を入力する | D26: 経度：180.0 | E26: 正常 | G26: 1. 引数に以下を指定して、shape.GetExtendedSpatialIdsOnPointsを呼び出す。 "【別紙1】座標入力パターン"シートのNo.2-1の「座標」「精度」 | H26: ・入力した座標パターンに対応した期待値が取得できること ・エラーインスタンスが返却されていないこと | I26: 44889 | J26: 宮原 | K26: OK | R26: =IF(ROW()<>3,IF(B25<>B26,R25+1,R25),1) -> 1 | S26: =IF(B25=B26,IF(C25<>C26,S25+1,S25),1) -> 8 | T26: =IF(B25<>B26,1,IF(C25=C26,T25+1,1)) -> 1
A27: =IF(B27<>"",表紙!$AB$1&"-"&"結合-"&TEXT($S$1,"00")&"-"&TEXT(R27,"00")&"-"&TEXT(S27,"00")&"-"&TEXT(T27,"０00"),"") -> 点群-結合-01-01-08-002 | B27: 指定範囲の拡張空間ID変換 (点群) | C27: 経度、緯度に境界値を入力する | D27: 経度：-180.0 | E27: 正常 | G27: 1. 引数に以下を指定して、shape.GetExtendedSpatialIdsOnPointsを呼び出す。 "【別紙1】座標入力パターン"シートのNo.2-2の「座標」「精度」 | H27: ・入力した座標パターンに対応した期待値が取得できること ・エラーインスタンスが返却されていないこと | I27: 44889 | J27: 宮原 | K27: OK | R27: =IF(ROW()<>3,IF(B26<>B27,R26+1,R26),1) -> 1 | S27: =IF(B26=B27,IF(C26<>C27,S26+1,S26),1) -> 8 | T27: =IF(B26<>B27,1,IF(C26=C27,T26+1,1)) -> 2
A28: =IF(B28<>"",表紙!$AB$1&"-"&"結合-"&TEXT($S$1,"00")&"-"&TEXT(R28,"00")&"-"&TEXT(S28,"00")&"-"&TEXT(T28,"０00"),"") -> 点群-結合-01-01-08-003 | B28: 指定範囲の拡張空間ID変換 (点群) | C28: 経度、緯度に境界値を入力する | D28: 緯度：85.0511287798 | E28: 正常 | G28: 1. 引数に以下を指定して、shape.GetExtendedSpatialIdsOnPointsを呼び出す。 "【別紙1】座標入力パターン"シートのNo.2-3の「座標」「精度」 | H28: ・入力した座標パターンに対応した期待値が取得できること ・エラーインスタンスが返却されていないこと | I28: 44889 | J28: 宮原 | K28: OK | R28: =IF(ROW()<>3,IF(B27<>B28,R27+1,R27),1) -> 1 | S28: =IF(B27=B28,IF(C27<>C28,S27+1,S27),1) -> 8 | T28: =IF(B27<>B28,1,IF(C27=C28,T27+1,1)) -> 3
A29: =IF(B29<>"",表紙!$AB$1&"-"&"結合-"&TEXT($S$1,"00")&"-"&TEXT(R29,"00")&"-"&TEXT(S29,"00")&"-"&TEXT(T29,"０00"),"") -> 点群-結合-01-01-08-004 | B29: 指定範囲の拡張空間ID変換 (点群) | C29: 経度、緯度に境界値を入力する | D29: 緯度：-85.0511287798 | E29: 正常 | G29: 1. 引数に以下を指定して、shape.GetExtendedSpatialIdsOnPointsを呼び出す。 "【別紙1】座標入力パターン"シートのNo.2-4の「座標」「精度」 | H29: ・入力した座標パターンに対応した期待値が取得できること ・エラーインスタンスが返却されていないこと | I29: 44889 | J29: 宮原 | K29: OK | R29: =IF(ROW()<>3,IF(B28<>B29,R28+1,R28),1) -> 1 | S29: =IF(B28=B29,IF(C28<>C29,S28+1,S28),1) -> 8 | T29: =IF(B28<>B29,1,IF(C28=C29,T28+1,1)) -> 4
A30: =IF(B30<>"",表紙!$AB$1&"-"&"結合-"&TEXT($S$1,"00")&"-"&TEXT(R30,"00")&"-"&TEXT(S30,"00")&"-"&TEXT(T30,"０00"),"") -> 点群-結合-01-01-08-005 | B30: 指定範囲の拡張空間ID変換 (点群) | C30: 経度、緯度に境界値を入力する | D30: 緯度、経度境界値 | E30: 正常 | G30: 1. 引数に以下を指定して、shape.GetExtendedSpatialIdsOnPointsを呼び出す。 "【別紙1】座標入力パターン"シートのNo.2-5, No.2-6の「座標」「精度」 | H30: ・入力した座標パターンに対応した期待値が取得できること ・エラーインスタンスが返却されていないこと | I30: 44889 | J30: 宮原 | K30: OK | R30: =IF(ROW()<>3,IF(B29<>B30,R29+1,R29),1) -> 1 | S30: =IF(B29=B30,IF(C29<>C30,S29+1,S29),1) -> 8 | T30: =IF(B29<>B30,1,IF(C29=C30,T29+1,1)) -> 5
A31: =IF(B31<>"",表紙!$AB$1&"-"&"結合-"&TEXT($S$1,"00")&"-"&TEXT(R31,"00")&"-"&TEXT(S31,"00")&"-"&TEXT(T31,"０00"),"") -> 点群-結合-01-01-09-001 | B31: 指定範囲の拡張空間ID変換 (点群) | C31: 経度、緯度、高さに0を入力する | D31: 経度：0 | E31: 正常 | M31: =$A$21 -> 点群-結合-01-01-04-006 | R31: =IF(ROW()<>3,IF(B30<>B31,R30+1,R30),1) -> 1 | S31: =IF(B30=B31,IF(C30<>C31,S30+1,S30),1) -> 9 | T31: =IF(B30<>B31,1,IF(C30=C31,T30+1,1)) -> 1
A32: =IF(B32<>"",表紙!$AB$1&"-"&"結合-"&TEXT($S$1,"00")&"-"&TEXT(R32,"00")&"-"&TEXT(S32,"00")&"-"&TEXT(T32,"０00"),"") -> 点群-結合-01-01-09-002 | B32: 指定範囲の拡張空間ID変換 (点群) | C32: 経度、緯度、高さに0を入力する | D32: 緯度：0 | E32: 正常 | M32: =$A$21 -> 点群-結合-01-01-04-006 | R32: =IF(ROW()<>3,IF(B31<>B32,R31+1,R31),1) -> 1 | S32: =IF(B31=B32,IF(C31<>C32,S31+1,S31),1) -> 9 | T32: =IF(B31<>B32,1,IF(C31=C32,T31+1,1)) -> 2
A33: =IF(B33<>"",表紙!$AB$1&"-"&"結合-"&TEXT($S$1,"00")&"-"&TEXT(R33,"00")&"-"&TEXT(S33,"00")&"-"&TEXT(T33,"０00"),"") -> 点群-結合-01-01-09-003 | B33: 指定範囲の拡張空間ID変換 (点群) | C33: 経度、緯度、高さに0を入力する | D33: 高さ：0 | E33: 正常 | G33: 1. 引数に以下を指定して、shape.GetExtendedSpatialIdsOnPointsを呼び出す。 "【別紙1】座標入力パターン"シートのNo.3-3の「座標」「精度」 | H33: ・入力した座標パターンに対応した期待値が取得できること ・エラーインスタンスが返却されていないこと | I33: 44889 | J33: 宮原 | K33: OK | R33: =IF(ROW()<>3,IF(B32<>B33,R32+1,R32),1) -> 1 | S33: =IF(B32=B33,IF(C32<>C33,S32+1,S32),1) -> 9 | T33: =IF(B32<>B33,1,IF(C32=C33,T32+1,1)) -> 3
A34: =IF(B34<>"",表紙!$AB$1&"-"&"結合-"&TEXT($S$1,"00")&"-"&TEXT(R34,"00")&"-"&TEXT(S34,"00")&"-"&TEXT(T34,"０00"),"") -> 点群-結合-01-01-09-004 | B34: 指定範囲の拡張空間ID変換 (点群) | C34: 経度、緯度、高さに0を入力する | D34: 経度、緯度、高さ：0 | E34: 正常 | G34: 1. 引数に以下を指定して、shape.GetExtendedSpatialIdsOnPointsを呼び出す。 "【別紙1】座標入力パターン"シートのNo.3-4の「座標」「精度」 | H34: ・入力した座標パターンに対応した期待値が取得できること ・エラーインスタンスが返却されていないこと | I34: 44889 | J34: 宮原 | K34: OK | R34: =IF(ROW()<>3,IF(B33<>B34,R33+1,R33),1) -> 1 | S34: =IF(B33=B34,IF(C33<>C34,S33+1,S33),1) -> 9 | T34: =IF(B33<>B34,1,IF(C33=C34,T33+1,1)) -> 4
A35: =IF(B35<>"",表紙!$AB$1&"-"&"結合-"&TEXT($S$1,"00")&"-"&TEXT(R35,"00")&"-"&TEXT(S35,"00")&"-"&TEXT(T35,"０00"),"") -> 点群-結合-01-01-10-001 | B35: 指定範囲の拡張空間ID変換 (点群) | C35: 緯度に小数点の桁数11桁以上の値を入力する | D35: 正の値 | E35: 正常 | G35: 1. 引数に以下を指定して、shape.GetExtendedSpatialIdsOnPointsを呼び出す。 "【別紙1】座標入力パターン"シートのNo.4-1の「座標」「精度」 | H35: ・入力した座標パターンに対応した期待値が取得できること ・エラーインスタンスが返却されていないこと | I35: 44889 | J35: 宮原 | K35: OK | R35: =IF(ROW()<>3,IF(B34<>B35,R34+1,R34),1) -> 1 | S35: =IF(B34=B35,IF(C34<>C35,S34+1,S34),1) -> 10 | T35: =IF(B34<>B35,1,IF(C34=C35,T34+1,1)) -> 1
A36: =IF(B36<>"",表紙!$AB$1&"-"&"結合-"&TEXT($S$1,"00")&"-"&TEXT(R36,"00")&"-"&TEXT(S36,"00")&"-"&TEXT(T36,"０00"),"") -> 点群-結合-01-01-10-002 | B36: 指定範囲の拡張空間ID変換 (点群) | C36: 緯度に小数点の桁数11桁以上の値を入力する | D36: 負の値 | E36: 正常 | G36: 1. 引数に以下を指定して、shape.GetExtendedSpatialIdsOnPointsを呼び出す。 "【別紙1】座標入力パターン"シートのNo.4-2の「座標」「精度」 | H36: ・入力した座標パターンに対応した期待値が取得できること ・エラーインスタンスが返却されていないこと | I36: 44889 | J36: 宮原 | K36: OK | R36: =IF(ROW()<>3,IF(B35<>B36,R35+1,R35),1) -> 1 | S36: =IF(B35=B36,IF(C35<>C36,S35+1,S35),1) -> 10 | T36: =IF(B35<>B36,1,IF(C35=C36,T35+1,1)) -> 2
A37: =IF(B37<>"",表紙!$AB$1&"-"&"結合-"&TEXT($S$1,"00")&"-"&TEXT(R37,"00")&"-"&TEXT(S37,"00")&"-"&TEXT(T37,"０00"),"") -> 点群-結合-01-01-11-001 | B37: 指定範囲の拡張空間ID変換 (点群) | C37: 緯度に小数点の桁数10桁の値を入力する | D37: 正の値 | E37: 正常 | M37: =$A$28 -> 点群-結合-01-01-08-003 | R37: =IF(ROW()<>3,IF(B36<>B37,R36+1,R36),1) -> 1 | S37: =IF(B36=B37,IF(C36<>C37,S36+1,S36),1) -> 11 | T37: =IF(B36<>B37,1,IF(C36=C37,T36+1,1)) -> 1
A38: =IF(B38<>"",表紙!$AB$1&"-"&"結合-"&TEXT($S$1,"00")&"-"&TEXT(R38,"00")&"-"&TEXT(S38,"00")&"-"&TEXT(T38,"０00"),"") -> 点群-結合-01-01-11-002 | B38: 指定範囲の拡張空間ID変換 (点群) | C38: 緯度に小数点の桁数10桁の値を入力する | D38: 負の値 | E38: 正常 | M38: =$A$29 -> 点群-結合-01-01-08-004 | R38: =IF(ROW()<>3,IF(B37<>B38,R37+1,R37),1) -> 1 | S38: =IF(B37=B38,IF(C37<>C38,S37+1,S37),1) -> 11 | T38: =IF(B37<>B38,1,IF(C37=C38,T37+1,1)) -> 2
A39: =IF(B39<>"",表紙!$AB$1&"-"&"結合-"&TEXT($S$1,"00")&"-"&TEXT(R39,"00")&"-"&TEXT(S39,"00")&"-"&TEXT(T39,"０00"),"") -> 点群-結合-01-01-12-001 | B39: 指定範囲の拡張空間ID変換 (点群) | C39: 高さに負の値を入力する | D39: - | E39: 正常 | G39: 1. 引数に以下を指定して、shape.GetExtendedSpatialIdsOnPointsを呼び出す。 "【別紙1】座標入力パターン"シートのNo.5-1の「座標」「精度」 | H39: ・入力した座標パターンに対応した期待値が取得できること ・エラーインスタンスが返却されていないこと | I39: 44889 | J39: 宮原 | K39: OK | R39: =IF(ROW()<>3,IF(B38<>B39,R38+1,R38),1) -> 1 | S39: =IF(B38=B39,IF(C38<>C39,S38+1,S38),1) -> 12 | T39: =IF(B38<>B39,1,IF(C38=C39,T38+1,1)) -> 1
A40: =IF(B40<>"",表紙!$AB$1&"-"&"結合-"&TEXT($S$1,"00")&"-"&TEXT(R40,"00")&"-"&TEXT(S40,"00")&"-"&TEXT(T40,"０00"),"") -> 点群-結合-01-01-13-001 | B40: 指定範囲の拡張空間ID変換 (点群) | C40: 同じ拡張空間IDに変換される座標を複数入力 | D40: - | E40: 正常 | G40: 1. 引数に以下を指定して、shape.GetExtendedSpatialIdsOnPointsを呼び出す。 "【別紙1】座標入力パターン"シートのNo.6-1の「座標」「精度」 | H40: ・入力した座標パターンに対応した期待値が取得できること ・エラーインスタンスが返却されていないこと | I40: 44889 | J40: 宮原 | K40: OK | R40: =IF(ROW()<>3,IF(B39<>B40,R39+1,R39),1) -> 1 | S40: =IF(B39=B40,IF(C39<>C40,S39+1,S39),1) -> 13 | T40: =IF(B39<>B40,1,IF(C39=C40,T39+1,1)) -> 1
A41: =IF(B41<>"",表紙!$AB$1&"-"&"結合-"&TEXT($S$1,"00")&"-"&TEXT(R41,"00")&"-"&TEXT(S41,"00")&"-"&TEXT(T41,"０00"),"") -> 点群-結合-01-01-14-001 | B41: 指定範囲の拡張空間ID変換 (点群) | C41: Python版の「指定範囲の空間ID変換 (点群)」と同一の結果が取得できる | D41: - | E41: 正常 | M41: =$A$16 -> 点群-結合-01-01-04-001 | R41: =IF(ROW()<>3,IF(B40<>B41,R40+1,R40),1) -> 1 | S41: =IF(B40=B41,IF(C40<>C41,S40+1,S40),1) -> 14 | T41: =IF(B40<>B41,1,IF(C40=C41,T40+1,1)) -> 1
A42: =IF(B42<>"",表紙!$AB$1&"-"&"結合-"&TEXT($S$1,"00")&"-"&TEXT(R42,"00")&"-"&TEXT(S42,"00")&"-"&TEXT(T42,"０00"),"") -> 点群-結合-01-02-01-001 | B42: 拡張空間IDから座標への変換 | C42: 不正なoptionが入力される | D42: - | E42: 準正常 | G42: 1. 引数に以下を指定して、shape.GetPointOnExtendedSpatialIdを呼び出す。 空間ID：正常な任意の値 option： 10 | H42: ・以下のspatialIdErrorが返却されること - エラーコード：OptionFailedError - エラーメッセージ：オプション値の指定エラー | I42: 44889 | J42: 宮原 | K42: OK | R42: =IF(ROW()<>3,IF(B41<>B42,R41+1,R41),1) -> 2 | S42: =IF(B41=B42,IF(C41<>C42,S41+1,S41),1) -> 1 | T42: =IF(B41<>B42,1,IF(C41=C42,T41+1,1)) -> 1
A43: =IF(B43<>"",表紙!$AB$1&"-"&"結合-"&TEXT($S$1,"00")&"-"&TEXT(R43,"00")&"-"&TEXT(S43,"00")&"-"&TEXT(T43,"０00"),"") -> 点群-結合-01-02-02-001 | B43: 拡張空間IDから座標への変換 | C43: 空の文字列が入力される | D43: - | E43: 準正常 | G43: 1. 引数に以下を指定して、shape.GetPointOnExtendedSpatialIdを呼び出す。 空間ID：空文字 option： common.enum.Center | H43: ・以下のspatialIdErrorが返却されること - エラーコード：InputValueError - エラーメッセージ：入力チェックエラー | I43: 44889 | J43: 宮原 | K43: OK | R43: =IF(ROW()<>3,IF(B42<>B43,R42+1,R42),1) -> 2 | S43: =IF(B42=B43,IF(C42<>C43,S42+1,S42),1) -> 2 | T43: =IF(B42<>B43,1,IF(C42=C43,T42+1,1)) -> 1
A44: =IF(B44<>"",表紙!$AB$1&"-"&"結合-"&TEXT($S$1,"00")&"-"&TEXT(R44,"00")&"-"&TEXT(S44,"00")&"-"&TEXT(T44,"０00"),"") -> 点群-結合-01-02-03-001 | B44: 拡張空間IDから座標への変換 | C44: 拡張空間IDフォーマット不正の拡張空間IDが入力される | D44: 区切り文字不足： 3個以下 | E44: 準正常 | G44: 1. 引数に以下を指定して、shape.GetPointOnExtendedSpatialIdを呼び出す。 空間ID：10/10/10/10 option： common.enum.Center | H44: ・以下のspatialIdErrorが返却されること - エラーコード：InputValueError - エラーメッセージ：入力チェックエラー | I44: 44889 | J44: 宮原 | K44: OK | R44: =IF(ROW()<>3,IF(B43<>B44,R43+1,R43),1) -> 2 | S44: =IF(B43=B44,IF(C43<>C44,S43+1,S43),1) -> 3 | T44: =IF(B43<>B44,1,IF(C43=C44,T43+1,1)) -> 1
A45: =IF(B45<>"",表紙!$AB$1&"-"&"結合-"&TEXT($S$1,"00")&"-"&TEXT(R45,"00")&"-"&TEXT(S45,"00")&"-"&TEXT(T45,"０00"),"") -> 点群-結合-01-02-03-002 | B45: 拡張空間IDから座標への変換 | C45: 拡張空間IDフォーマット不正の拡張空間IDが入力される | D45: 区切り文字過多： 5個以上 | E45: 準正常 | G45: 1. 引数に以下を指定して、shape.GetPointOnExtendedSpatialIdを呼び出す。 空間ID：10/10/10/10/10/10 option： common.enum.Vertex | H45: ・以下のspatialIdErrorが返却されること - エラーコード：InputValueError - エラーメッセージ：入力チェックエラー | I45: 44889 | J45: 宮原 | K45: OK | R45: =IF(ROW()<>3,IF(B44<>B45,R44+1,R44),1) -> 2 | S45: =IF(B44=B45,IF(C44<>C45,S44+1,S44),1) -> 3 | T45: =IF(B44<>B45,1,IF(C44=C45,T44+1,1)) -> 2
A46: =IF(B46<>"",表紙!$AB$1&"-"&"結合-"&TEXT($S$1,"00")&"-"&TEXT(R46,"00")&"-"&TEXT(S46,"00")&"-"&TEXT(T46,"０00"),"") -> 点群-結合-01-02-03-003 | B46: 拡張空間IDから座標への変換 | C46: 拡張空間IDフォーマット不正の拡張空間IDが入力される | D46: 利用不可の文字を含む | E46: 準正常 | G46: 1. 引数に以下を指定して、shape.GetPointOnExtendedSpatialIdを呼び出す。 空間ID：10|10|10|10|10 option： common.enum.Center | H46: ・以下のspatialIdErrorが返却されること - エラーコード：InputValueError - エラーメッセージ：入力チェックエラー | I46: 44889 | J46: 宮原 | K46: OK | R46: =IF(ROW()<>3,IF(B45<>B46,R45+1,R45),1) -> 2 | S46: =IF(B45=B46,IF(C45<>C46,S45+1,S45),1) -> 3 | T46: =IF(B45<>B46,1,IF(C45=C46,T45+1,1)) -> 3
A47: =IF(B47<>"",表紙!$AB$1&"-"&"結合-"&TEXT($S$1,"00")&"-"&TEXT(R47,"00")&"-"&TEXT(S47,"00")&"-"&TEXT(T47,"０00"),"") -> 点群-結合-01-02-03-004 | B47: 拡張空間IDから座標への変換 | C47: 拡張空間IDフォーマット不正の拡張空間IDが入力される | D47: 水平精度インデクス値無し | E47: 準正常 | G47: 1. 引数に以下を指定して、shape.GetPointOnExtendedSpatialIdを呼び出す。 空間ID：/10/10/10/10 option： common.enum.Center | H47: ・以下のspatialIdErrorが返却されること - エラーコード：InputValueError - エラーメッセージ：入力チェックエラー | I47: 44889 | J47: 宮原 | K47: OK | L47: UT-001 | R47: =IF(ROW()<>3,IF(B46<>B47,R46+1,R46),1) -> 2 | S47: =IF(B46=B47,IF(C46<>C47,S46+1,S46),1) -> 3 | T47: =IF(B46<>B47,1,IF(C46=C47,T46+1,1)) -> 4
A48: =IF(B48<>"",表紙!$AB$1&"-"&"結合-"&TEXT($S$1,"00")&"-"&TEXT(R48,"00")&"-"&TEXT(S48,"00")&"-"&TEXT(T48,"０00"),"") -> 点群-結合-01-02-03-005 | B48: 拡張空間IDから座標への変換 | C48: 拡張空間IDフォーマット不正の拡張空間IDが入力される | D48: 垂直精度インデクス値無し | E48: 準正常 | G48: 1. 引数に以下を指定して、shape.GetPointOnExtendedSpatialIdを呼び出す。 空間ID：10/10/10//10 option： common.enum.Center | H48: ・以下のspatialIdErrorが返却されること - エラーコード：InputValueError - エラーメッセージ：入力チェックエラー | I48: 44889 | J48: 宮原 | K48: OK | L48: UT-001 | R48: =IF(ROW()<>3,IF(B47<>B48,R47+1,R47),1) -> 2 | S48: =IF(B47=B48,IF(C47<>C48,S47+1,S47),1) -> 3 | T48: =IF(B47<>B48,1,IF(C47=C48,T47+1,1)) -> 5
A49: =IF(B49<>"",表紙!$AB$1&"-"&"結合-"&TEXT($S$1,"00")&"-"&TEXT(R49,"00")&"-"&TEXT(S49,"00")&"-"&TEXT(T49,"０00"),"") -> 点群-結合-01-02-03-006 | B49: 拡張空間IDから座標への変換 | C49: 拡張空間IDフォーマット不正の拡張空間IDが入力される | D49: 経度インデクス値無し | E49: 準正常 | G49: 1. 引数に以下を指定して、shape.GetPointOnExtendedSpatialIdを呼び出す。 空間ID：10//10/10/10 option： common.enum.Center | H49: ・以下のspatialIdErrorが返却されること - エラーコード：InputValueError - エラーメッセージ：入力チェックエラー | I49: 44889 | J49: 宮原 | K49: OK | L49: UT-001 | R49: =IF(ROW()<>3,IF(B48<>B49,R48+1,R48),1) -> 2 | S49: =IF(B48=B49,IF(C48<>C49,S48+1,S48),1) -> 3 | T49: =IF(B48<>B49,1,IF(C48=C49,T48+1,1)) -> 6
A50: =IF(B50<>"",表紙!$AB$1&"-"&"結合-"&TEXT($S$1,"00")&"-"&TEXT(R50,"00")&"-"&TEXT(S50,"00")&"-"&TEXT(T50,"０00"),"") -> 点群-結合-01-02-03-007 | B50: 拡張空間IDから座標への変換 | C50: 拡張空間IDフォーマット不正の拡張空間IDが入力される | D50: 緯度インデクス値無し | E50: 準正常 | G50: 1. 引数に以下を指定して、shape.GetPointOnExtendedSpatialIdを呼び出す。 空間ID：10/10//10/10 option： common.enum.Center | H50: ・以下のspatialIdErrorが返却されること - エラーコード：InputValueError - エラーメッセージ：入力チェックエラー | I50: 44889 | J50: 宮原 | K50: OK | R50: =IF(ROW()<>3,IF(B49<>B50,R49+1,R49),1) -> 2 | S50: =IF(B49=B50,IF(C49<>C50,S49+1,S49),1) -> 3 | T50: =IF(B49<>B50,1,IF(C49=C50,T49+1,1)) -> 7
A51: =IF(B51<>"",表紙!$AB$1&"-"&"結合-"&TEXT($S$1,"00")&"-"&TEXT(R51,"00")&"-"&TEXT(S51,"00")&"-"&TEXT(T51,"０00"),"") -> 点群-結合-01-02-03-008 | B51: 拡張空間IDから座標への変換 | C51: 拡張空間IDフォーマット不正の拡張空間IDが入力される | D51: 高さインデクス値無し | E51: 準正常 | G51: 1. 引数に以下を指定して、shape.GetPointOnExtendedSpatialIdを呼び出す。 空間ID：10/10/10/10/ option： common.enum.Center | H51: ・以下のspatialIdErrorが返却されること - エラーコード：InputValueError - エラーメッセージ：入力チェックエラー | I51: 44890 | J51: 宮原 | K51: OK | R51: =IF(ROW()<>3,IF(B50<>B51,R50+1,R50),1) -> 2 | S51: =IF(B50=B51,IF(C50<>C51,S50+1,S50),1) -> 3 | T51: =IF(B50<>B51,1,IF(C50=C51,T50+1,1)) -> 8
A52: =IF(B52<>"",表紙!$AB$1&"-"&"結合-"&TEXT($S$1,"00")&"-"&TEXT(R52,"00")&"-"&TEXT(S52,"00")&"-"&TEXT(T52,"０00"),"") -> 点群-結合-01-02-04-001 | B52: 拡張空間IDから座標への変換 | C52: 精度閾値を超過した値を入力する | D52: 水平精度：36 | E52: 準正常 | G52: 1. 引数に以下を指定して、shape.GetPointOnExtendedSpatialIdを呼び出す。 空間ID：36/10/10/10/10 option： common.enum.Center | H52: ・以下のspatialIdErrorが返却されること - エラーコード：InputValueError - エラーメッセージ：入力チェックエラー | I52: 44890 | J52: 宮原 | K52: OK | R52: =IF(ROW()<>3,IF(B51<>B52,R51+1,R51),1) -> 2 | S52: =IF(B51=B52,IF(C51<>C52,S51+1,S51),1) -> 4 | T52: =IF(B51<>B52,1,IF(C51=C52,T51+1,1)) -> 1
A53: =IF(B53<>"",表紙!$AB$1&"-"&"結合-"&TEXT($S$1,"00")&"-"&TEXT(R53,"00")&"-"&TEXT(S53,"00")&"-"&TEXT(T53,"０00"),"") -> 点群-結合-01-02-04-002 | B53: 拡張空間IDから座標への変換 | C53: 精度閾値を超過した値を入力する | D53: 水平精度：-1 | E53: 準正常 | G53: 1. 引数に以下を指定して、shape.GetPointOnExtendedSpatialIdを呼び出す。 空間ID：-1/10/10/10/10 option： common.enum.Center | H53: ・以下のspatialIdErrorが返却されること - エラーコード：InputValueError - エラーメッセージ：入力チェックエラー | I53: 44890 | J53: 宮原 | K53: OK | R53: =IF(ROW()<>3,IF(B52<>B53,R52+1,R52),1) -> 2 | S53: =IF(B52=B53,IF(C52<>C53,S52+1,S52),1) -> 4 | T53: =IF(B52<>B53,1,IF(C52=C53,T52+1,1)) -> 2
A54: =IF(B54<>"",表紙!$AB$1&"-"&"結合-"&TEXT($S$1,"00")&"-"&TEXT(R54,"00")&"-"&TEXT(S54,"00")&"-"&TEXT(T54,"０00"),"") -> 点群-結合-01-02-04-003 | B54: 拡張空間IDから座標への変換 | C54: 精度閾値を超過した値を入力する | D54: 垂直精度：36 | E54: 準正常 | G54: 1. 引数に以下を指定して、shape.GetPointOnExtendedSpatialIdを呼び出す。 空間ID：10/10/10/36/10 option： common.enum.Center | H54: ・以下のspatialIdErrorが返却されること - エラーコード：InputValueError - エラーメッセージ：入力チェックエラー | I54: 44890 | J54: 宮原 | K54: OK | R54: =IF(ROW()<>3,IF(B53<>B54,R53+1,R53),1) -> 2 | S54: =IF(B53=B54,IF(C53<>C54,S53+1,S53),1) -> 4 | T54: =IF(B53<>B54,1,IF(C53=C54,T53+1,1)) -> 3
A55: =IF(B55<>"",表紙!$AB$1&"-"&"結合-"&TEXT($S$1,"00")&"-"&TEXT(R55,"00")&"-"&TEXT(S55,"00")&"-"&TEXT(T55,"０00"),"") -> 点群-結合-01-02-04-004 | B55: 拡張空間IDから座標への変換 | C55: 精度閾値を超過した値を入力する | D55: 垂直精度：-1 | E55: 準正常 | G55: 1. 引数に以下を指定して、shape.GetPointOnExtendedSpatialIdを呼び出す。 空間ID：10/10/10/-1/10 option： common.enum.Center | H55: ・以下のspatialIdErrorが返却されること - エラーコード：InputValueError - エラーメッセージ：入力チェックエラー | I55: 44890 | J55: 宮原 | K55: OK | R55: =IF(ROW()<>3,IF(B54<>B55,R54+1,R54),1) -> 2 | S55: =IF(B54=B55,IF(C54<>C55,S54+1,S54),1) -> 4 | T55: =IF(B54<>B55,1,IF(C54=C55,T54+1,1)) -> 4
A56: =IF(B56<>"",表紙!$AB$1&"-"&"結合-"&TEXT($S$1,"00")&"-"&TEXT(R56,"00")&"-"&TEXT(S56,"00")&"-"&TEXT(T56,"０00"),"") -> 点群-結合-01-02-04-005 | B56: 拡張空間IDから座標への変換 | C56: 精度閾値を超過した値を入力する | D56: 水平・垂直精度：36 | E56: 準正常 | G56: 1. 引数に以下を指定して、shape.GetPointOnExtendedSpatialIdを呼び出す。 空間ID：36/10/10/36/10 option： common.enum.Center | H56: ・以下のspatialIdErrorが返却されること - エラーコード：InputValueError - エラーメッセージ：入力チェックエラー | I56: 44890 | J56: 宮原 | K56: OK | R56: =IF(ROW()<>3,IF(B55<>B56,R55+1,R55),1) -> 2 | S56: =IF(B55=B56,IF(C55<>C56,S55+1,S55),1) -> 4 | T56: =IF(B55<>B56,1,IF(C55=C56,T55+1,1)) -> 5
A57: =IF(B57<>"",表紙!$AB$1&"-"&"結合-"&TEXT($S$1,"00")&"-"&TEXT(R57,"00")&"-"&TEXT(S57,"00")&"-"&TEXT(T57,"０00"),"") -> 点群-結合-01-02-04-006 | B57: 拡張空間IDから座標への変換 | C57: 精度閾値を超過した値を入力する | D57: 水平・垂直精度：-1 | E57: 準正常 | G57: 1. 引数に以下を指定して、shape.GetPointOnExtendedSpatialIdを呼び出す。 空間ID：-1/10/10/-1/10 option： common.enum.Center | H57: ・以下のspatialIdErrorが返却されること - エラーコード：InputValueError - エラーメッセージ：入力チェックエラー | I57: 44890 | J57: 宮原 | K57: OK | R57: =IF(ROW()<>3,IF(B56<>B57,R56+1,R56),1) -> 2 | S57: =IF(B56=B57,IF(C56<>C57,S56+1,S56),1) -> 4 | T57: =IF(B56<>B57,1,IF(C56=C57,T56+1,1)) -> 6
A58: =IF(B58<>"",表紙!$AB$1&"-"&"結合-"&TEXT($S$1,"00")&"-"&TEXT(R58,"00")&"-"&TEXT(S58,"00")&"-"&TEXT(T58,"０00"),"") -> 点群-結合-01-02-05-001 | B58: 拡張空間IDから座標への変換 | C58: 座標に正しく変換される | D58: 任意の空間ID | E58: 正常 | G58: 1. 引数に以下を指定して、shape.GetPointOnExtendedSpatialIdを呼び出す。 "【別紙4】空間ID入力パターン"シートのNo.1-1の「空間ID」「オプション」 | H58: ・入力した空間IDパターンに対応した期待値が取得できること ・エラーインスタンスが返却されていないこと | I58: 44889 | J58: 宮原 | K58: OK | L58: go版出力結果{139.753646850586 35.685744688200 4160.000000000000} py版出力結果(139.75364685058594, 35.6857446882, 4160) と、経度の値に差分があるが、チケット#1500の回答の通り、小数点11桁の浮動小数点誤差は許容する認識のためOKとする。 →IT-002に起票 | R58: =IF(ROW()<>3,IF(B57<>B58,R57+1,R57),1) -> 2 | S58: =IF(B57=B58,IF(C57<>C58,S57+1,S57),1) -> 5 | T58: =IF(B57<>B58,1,IF(C57=C58,T57+1,1)) -> 1
A59: =IF(B59<>"",表紙!$AB$1&"-"&"結合-"&TEXT($S$1,"00")&"-"&TEXT(R59,"00")&"-"&TEXT(S59,"00")&"-"&TEXT(T59,"０00"),"") -> 点群-結合-01-02-05-002 | B59: 拡張空間IDから座標への変換 | C59: 座標に正しく変換される | D59: 北半球西側 | E59: 正常 | G59: 1. 引数に以下を指定して、shape.GetPointOnExtendedSpatialIdを呼び出す。 "【別紙4】空間ID入力パターン"シートのNo.1-2の「空間ID」「オプション」 | H59: ・入力した空間IDパターンに対応した期待値が取得できること ・エラーインスタンスが返却されていないこと | I59: 44889 | J59: 宮原 | K59: OK | R59: =IF(ROW()<>3,IF(B58<>B59,R58+1,R58),1) -> 2 | S59: =IF(B58=B59,IF(C58<>C59,S58+1,S58),1) -> 5 | T59: =IF(B58<>B59,1,IF(C58=C59,T58+1,1)) -> 2
A60: =IF(B60<>"",表紙!$AB$1&"-"&"結合-"&TEXT($S$1,"00")&"-"&TEXT(R60,"00")&"-"&TEXT(S60,"00")&"-"&TEXT(T60,"０00"),"") -> 点群-結合-01-02-05-003 | B60: 拡張空間IDから座標への変換 | C60: 座標に正しく変換される | D60: 南半球 | E60: 正常 | G60: 1. 引数に以下を指定して、shape.GetPointOnExtendedSpatialIdを呼び出す。 "【別紙4】空間ID入力パターン"シートのNo.1-3の「空間ID」「オプション」 | H60: ・入力した空間IDパターンに対応した期待値が取得できること ・エラーインスタンスが返却されていないこと | I60: 44889 | J60: 宮原 | K60: OK | R60: =IF(ROW()<>3,IF(B59<>B60,R59+1,R59),1) -> 2 | S60: =IF(B59=B60,IF(C59<>C60,S59+1,S59),1) -> 5 | T60: =IF(B59<>B60,1,IF(C59=C60,T59+1,1)) -> 3
A61: =IF(B61<>"",表紙!$AB$1&"-"&"結合-"&TEXT($S$1,"00")&"-"&TEXT(R61,"00")&"-"&TEXT(S61,"00")&"-"&TEXT(T61,"０00"),"") -> 点群-結合-01-02-05-004 | B61: 拡張空間IDから座標への変換 | C61: 座標に正しく変換される | D61: 地図上の左上を含む | E61: 正常 | G61: 1. 引数に以下を指定して、shape.GetPointOnExtendedSpatialIdを呼び出す。 "【別紙4】空間ID入力パターン"シートのNo.1-4の「空間ID」「オプション」 | H61: ・入力した空間IDパターンに対応した期待値が取得できること ・エラーインスタンスが返却されていないこと | I61: 44889 | J61: 宮原 | K61: OK | L61: 経度の値に差分があるが、チケット#1500の回答の通り、小数点11桁の浮動小数点誤差は許容する認識のためOKとする。 →IT-002 | R61: =IF(ROW()<>3,IF(B60<>B61,R60+1,R60),1) -> 2 | S61: =IF(B60=B61,IF(C60<>C61,S60+1,S60),1) -> 5 | T61: =IF(B60<>B61,1,IF(C60=C61,T60+1,1)) -> 4
A62: =IF(B62<>"",表紙!$AB$1&"-"&"結合-"&TEXT($S$1,"00")&"-"&TEXT(R62,"00")&"-"&TEXT(S62,"00")&"-"&TEXT(T62,"０00"),"") -> 点群-結合-01-02-05-005 | B62: 拡張空間IDから座標への変換 | C62: 座標に正しく変換される | D62: 地図上の右下を含む | E62: 正常 | G62: 1. 引数に以下を指定して、shape.GetPointOnExtendedSpatialIdを呼び出す。 "【別紙4】空間ID入力パターン"シートのNo.1-5の「空間ID」「オプション」 | H62: ・入力した空間IDパターンに対応した期待値が取得できること ・エラーインスタンスが返却されていないこと | I62: 44889 | J62: 宮原 | K62: OK | R62: =IF(ROW()<>3,IF(B61<>B62,R61+1,R61),1) -> 2 | S62: =IF(B61=B62,IF(C61<>C62,S61+1,S61),1) -> 5 | T62: =IF(B61<>B62,1,IF(C61=C62,T61+1,1)) -> 5
A63: =IF(B63<>"",表紙!$AB$1&"-"&"結合-"&TEXT($S$1,"00")&"-"&TEXT(R63,"00")&"-"&TEXT(S63,"00")&"-"&TEXT(T63,"０00"),"") -> 点群-結合-01-02-05-006 | B63: 拡張空間IDから座標への変換 | C63: 座標に正しく変換される | D63: 原点を含む | E63: 正常 | G63: 1. 引数に以下を指定して、shape.GetPointOnExtendedSpatialIdを呼び出す。 "【別紙4】空間ID入力パターン"シートのNo.1-6の「空間ID」「オプション」 | H63: ・入力した空間IDパターンに対応した期待値が取得できること ・エラーインスタンスが返却されていないこと | I63: 44889 | J63: 宮原 | K63: OK | R63: =IF(ROW()<>3,IF(B62<>B63,R62+1,R62),1) -> 2 | S63: =IF(B62=B63,IF(C62<>C63,S62+1,S62),1) -> 5 | T63: =IF(B62<>B63,1,IF(C62=C63,T62+1,1)) -> 6
A64: =IF(B64<>"",表紙!$AB$1&"-"&"結合-"&TEXT($S$1,"00")&"-"&TEXT(R64,"00")&"-"&TEXT(S64,"00")&"-"&TEXT(T64,"０00"),"") -> 点群-結合-01-02-06-001 | B64: 拡張空間IDから座標への変換 | C64: 精度を変えても座標が取得できる | D64: 水平精度：0 ～ 35 | E64: 正常 | G64: 1. 引数に以下を指定して、shape.GetPointOnExtendedSpatialIdを呼び出す。 "【別紙2】精度入力パターン"シート"◆拡張空間IDから座標への変換"の「空間ID」、「オプション」 ※0～35 全ての精度の結果を確認すること。 | H64: ・入力した空間IDパターンに対応した期待値が取得できること ・エラーインスタンスが返却されていないこと | I64: 44890 | J64: 宮原 | K64: OK | R64: =IF(ROW()<>3,IF(B63<>B64,R63+1,R63),1) -> 2 | S64: =IF(B63=B64,IF(C63<>C64,S63+1,S63),1) -> 6 | T64: =IF(B63<>B64,1,IF(C63=C64,T63+1,1)) -> 1
A65: =IF(B65<>"",表紙!$AB$1&"-"&"結合-"&TEXT($S$1,"00")&"-"&TEXT(R65,"00")&"-"&TEXT(S65,"00")&"-"&TEXT(T65,"０00"),"") -> 点群-結合-01-02-06-002 | B65: 拡張空間IDから座標への変換 | C65: 精度を変えても座標が取得できる | D65: 垂直精度：0 ～ 35 | E65: 正常 | M65: =$A$64 -> 点群-結合-01-02-06-001 | R65: =IF(ROW()<>3,IF(B64<>B65,R64+1,R64),1) -> 2 | S65: =IF(B64=B65,IF(C64<>C65,S64+1,S64),1) -> 6 | T65: =IF(B64<>B65,1,IF(C64=C65,T64+1,1)) -> 2
A66: =IF(B66<>"",表紙!$AB$1&"-"&"結合-"&TEXT($S$1,"00")&"-"&TEXT(R66,"00")&"-"&TEXT(S66,"00")&"-"&TEXT(T66,"０00"),"") -> 点群-結合-01-02-07-001 | B66: 拡張空間IDから座標への変換 | C66: 高さインデックスに負の値が設定された拡張空間IDが正しく変換される | D66: - | E66: 正常 | G66: 1. 引数に以下を指定して、shape.GetPointOnExtendedSpatialIdを呼び出す。 "【別紙4】空間ID入力パターン"シートのNo.2-1の「空間ID」「オプション」 | H66: ・入力した空間IDパターンに対応した期待値が取得できること ・エラーインスタンスが返却されていないこと | I66: 44890 | J66: 宮原 | K66: OK | R66: =IF(ROW()<>3,IF(B65<>B66,R65+1,R65),1) -> 2 | S66: =IF(B65=B66,IF(C65<>C66,S65+1,S65),1) -> 7 | T66: =IF(B65<>B66,1,IF(C65=C66,T65+1,1)) -> 1
A67: =IF(B67<>"",表紙!$AB$1&"-"&"結合-"&TEXT($S$1,"00")&"-"&TEXT(R67,"00")&"-"&TEXT(S67,"00")&"-"&TEXT(T67,"０00"),"") -> 点群-結合-01-02-08-001 | B67: 拡張空間IDから座標への変換 | C67: 拡張空間IDのインデックス値が[2^精度]の境界値を入力 | D67: 経度インデックス | E67: 正常 | G67: 1. 引数に以下を指定して、shape.GetPointOnExtendedSpatialIdを呼び出す。 "【別紙4】空間ID入力パターン"シートのNo.3-1の「空間ID」「オプション」 | H67: ・入力した空間IDパターンに対応した期待値が取得できること ・エラーインスタンスが返却されていないこと | I67: 44890 | J67: 宮原 | K67: OK | R67: =IF(ROW()<>3,IF(B66<>B67,R66+1,R66),1) -> 2 | S67: =IF(B66=B67,IF(C66<>C67,S66+1,S66),1) -> 8 | T67: =IF(B66<>B67,1,IF(C66=C67,T66+1,1)) -> 1
A68: =IF(B68<>"",表紙!$AB$1&"-"&"結合-"&TEXT($S$1,"00")&"-"&TEXT(R68,"00")&"-"&TEXT(S68,"00")&"-"&TEXT(T68,"０00"),"") -> 点群-結合-01-02-08-002 | B68: 拡張空間IDから座標への変換 | C68: 拡張空間IDのインデックス値が[2^精度]の境界値を入力 | D68: 緯度インデックス | E68: 正常 | G68: 1. 引数に以下を指定して、shape.GetPointOnExtendedSpatialIdを呼び出す。 "【別紙4】空間ID入力パターン"シートのNo.3-2の「空間ID」「オプション」 | H68: ・入力した空間IDパターンに対応した期待値が取得できること ・エラーインスタンスが返却されていないこと | I68: 44893 | J68: 宮原 | K68: OK | R68: =IF(ROW()<>3,IF(B67<>B68,R67+1,R67),1) -> 2 | S68: =IF(B67=B68,IF(C67<>C68,S67+1,S67),1) -> 8 | T68: =IF(B67<>B68,1,IF(C67=C68,T67+1,1)) -> 2
A69: =IF(B69<>"",表紙!$AB$1&"-"&"結合-"&TEXT($S$1,"00")&"-"&TEXT(R69,"00")&"-"&TEXT(S69,"00")&"-"&TEXT(T69,"０00"),"") -> 点群-結合-01-02-09-001 | B69: 拡張空間IDから座標への変換 | C69: 拡張空間IDのインデックス値が[2^精度]を超えていても正しく変換される | D69: 経度インデックス | E69: 正常 | G69: 1. 引数に以下を指定して、shape.GetPointOnExtendedSpatialIdを呼び出す。 "【別紙4】空間ID入力パターン"シートのNo.4-1の「空間ID」「オプション」 | H69: ・入力した空間IDパターンに対応した期待値が取得できること ・エラーインスタンスが返却されていないこと | I69: 44893 | J69: 宮原 | K69: OK | R69: =IF(ROW()<>3,IF(B68<>B69,R68+1,R68),1) -> 2 | S69: =IF(B68=B69,IF(C68<>C69,S68+1,S68),1) -> 9 | T69: =IF(B68<>B69,1,IF(C68=C69,T68+1,1)) -> 1
A70: =IF(B70<>"",表紙!$AB$1&"-"&"結合-"&TEXT($S$1,"00")&"-"&TEXT(R70,"00")&"-"&TEXT(S70,"00")&"-"&TEXT(T70,"０00"),"") -> 点群-結合-01-02-09-002 | B70: 拡張空間IDから座標への変換 | C70: 拡張空間IDのインデックス値が[2^精度]を超えていても正しく変換される | D70: 緯度インデックス | E70: 正常 | G70: 1. 引数に以下を指定して、shape.GetPointOnExtendedSpatialIdを呼び出す。 "【別紙4】空間ID入力パターン"シートのNo.4-2の「空間ID」「オプション」 | H70: ・入力した空間IDパターンに対応した期待値が取得できること ・エラーインスタンスが返却されていないこと | I70: 44893 | J70: 宮原 | K70: OK | R70: =IF(ROW()<>3,IF(B69<>B70,R69+1,R69),1) -> 2 | S70: =IF(B69=B70,IF(C69<>C70,S69+1,S69),1) -> 9 | T70: =IF(B69<>B70,1,IF(C69=C70,T69+1,1)) -> 2
A71: =IF(B71<>"",表紙!$AB$1&"-"&"結合-"&TEXT($S$1,"00")&"-"&TEXT(R71,"00")&"-"&TEXT(S71,"00")&"-"&TEXT(T71,"０00"),"") -> 点群-結合-01-02-10-001 | B71: 拡張空間IDから座標への変換 | C71: 座標から拡張空間IDへの変換で取得した空間IDを入力する | D71: - | E71: 正常 | G71: 1. 引数に以下を指定して、shape.GetExtendedSpatialIdsOnPointsを呼び出す。 地理座標リスト: 正常な任意の値 水平精度: 正常な任意の値 垂直精度: 正常な任意の値 2. 引数に以下を指定して、shape.GetPointOnExtendedSpatialIdを呼び出す。 空間ID：手順1で取得した空間ID オプション：common.enum.Vertex | H71: ・手順2実行で取得される座標群の範囲内に、手順1で入力した座標が含まれていること。 ・エラーインスタンスが返却されていないこと | I71: 44893 | J71: 宮原 | K71: OK | R71: =IF(ROW()<>3,IF(B70<>B71,R70+1,R70),1) -> 2 | S71: =IF(B70=B71,IF(C70<>C71,S70+1,S70),1) -> 10 | T71: =IF(B70<>B71,1,IF(C70=C71,T70+1,1)) -> 1
A72: =IF(B72<>"",表紙!$AB$1&"-"&"結合-"&TEXT($S$1,"00")&"-"&TEXT(R72,"00")&"-"&TEXT(S72,"00")&"-"&TEXT(T72,"０00"),"") -> 点群-結合-01-02-11-001 | B72: 拡張空間IDから座標への変換 | C72: Python版の「空間IDから座標への変換」と同一の結果が取得できる | D72: - | E72: 正常 | M72: =$A$58 -> 点群-結合-01-02-05-001 | R72: =IF(ROW()<>3,IF(B71<>B72,R71+1,R71),1) -> 2 | S72: =IF(B71=B72,IF(C71<>C72,S71+1,S71),1) -> 11 | T72: =IF(B71<>B72,1,IF(C71=C72,T71+1,1)) -> 1
A73: =IF(B73<>"",表紙!$AB$1&"-"&"結合-"&TEXT($S$1,"00")&"-"&TEXT(R73,"00")&"-"&TEXT(S73,"00")&"-"&TEXT(T73,"０00"),"") -> 点群-結合-01-02-12-001 | B73: 拡張空間IDから座標への変換 | C73: 頂点の座標(計８個)が返却される | D73: - | E73: 正常 | M73: =$A$59 -> 点群-結合-01-02-05-002 | R73: =IF(ROW()<>3,IF(B72<>B73,R72+1,R72),1) -> 2 | S73: =IF(B72=B73,IF(C72<>C73,S72+1,S72),1) -> 12 | T73: =IF(B72<>B73,1,IF(C72=C73,T72+1,1)) -> 1
A74: =IF(B74<>"",表紙!$AB$1&"-"&"結合-"&TEXT($S$1,"00")&"-"&TEXT(R74,"00")&"-"&TEXT(S74,"00")&"-"&TEXT(T74,"０00"),"") -> 点群-結合-01-02-13-001 | B74: 拡張空間IDから座標への変換 | C74: 中心点の座標(計1個)が返却される | D74: - | E74: 正常 | M74: =$A$58 -> 点群-結合-01-02-05-001 | R74: =IF(ROW()<>3,IF(B73<>B74,R73+1,R73),1) -> 2 | S74: =IF(B73=B74,IF(C73<>C74,S73+1,S73),1) -> 13 | T74: =IF(B73<>B74,1,IF(C73=C74,T73+1,1)) -> 1
A75: =IF(B75<>"",表紙!$AB$1&"-"&"結合-"&TEXT($S$1,"00")&"-"&TEXT(R75,"00")&"-"&TEXT(S75,"00")&"-"&TEXT(T75,"０00"),"") -> 点群-結合-01-03-01-001 | B75: 指定範囲の空間ID変換 (点群) | C75: 範囲外の経度緯度を入力する | D75: 経度：180.1 | E75: 準正常 | M75: =$A$3 -> 点群-結合-01-01-01-001 | R75: =IF(ROW()<>3,IF(B74<>B75,R74+1,R74),1) -> 3 | S75: =IF(B74=B75,IF(C74<>C75,S74+1,S74),1) -> 1 | T75: =IF(B74<>B75,1,IF(C74=C75,T74+1,1)) -> 1
A76: =IF(B76<>"",表紙!$AB$1&"-"&"結合-"&TEXT($S$1,"00")&"-"&TEXT(R76,"00")&"-"&TEXT(S76,"00")&"-"&TEXT(T76,"０00"),"") -> 点群-結合-01-03-01-002 | B76: 指定範囲の空間ID変換 (点群) | C76: 範囲外の経度緯度を入力する | D76: 経度：-180.1 | E76: 準正常 | M76: =$A$4 -> 点群-結合-01-01-01-002 | R76: =IF(ROW()<>3,IF(B75<>B76,R75+1,R75),1) -> 3 | S76: =IF(B75=B76,IF(C75<>C76,S75+1,S75),1) -> 1 | T76: =IF(B75<>B76,1,IF(C75=C76,T75+1,1)) -> 2
A77: =IF(B77<>"",表紙!$AB$1&"-"&"結合-"&TEXT($S$1,"00")&"-"&TEXT(R77,"00")&"-"&TEXT(S77,"00")&"-"&TEXT(T77,"０00"),"") -> 点群-結合-01-03-01-003 | B77: 指定範囲の空間ID変換 (点群) | C77: 範囲外の経度緯度を入力する | D77: 緯度：85.0511287799 | E77: 準正常 | M77: =$A$5 -> 点群-結合-01-01-01-003 | R77: =IF(ROW()<>3,IF(B76<>B77,R76+1,R76),1) -> 3 | S77: =IF(B76=B77,IF(C76<>C77,S76+1,S76),1) -> 1 | T77: =IF(B76<>B77,1,IF(C76=C77,T76+1,1)) -> 3
A78: =IF(B78<>"",表紙!$AB$1&"-"&"結合-"&TEXT($S$1,"00")&"-"&TEXT(R78,"00")&"-"&TEXT(S78,"00")&"-"&TEXT(T78,"０00"),"") -> 点群-結合-01-03-01-004 | B78: 指定範囲の空間ID変換 (点群) | C78: 範囲外の経度緯度を入力する | D78: 緯度：-85.0511287799 | E78: 準正常 | M78: =$A$6 -> 点群-結合-01-01-01-004 | R78: =IF(ROW()<>3,IF(B77<>B78,R77+1,R77),1) -> 3 | S78: =IF(B77=B78,IF(C77<>C78,S77+1,S77),1) -> 1 | T78: =IF(B77<>B78,1,IF(C77=C78,T77+1,1)) -> 4
A79: =IF(B79<>"",表紙!$AB$1&"-"&"結合-"&TEXT($S$1,"00")&"-"&TEXT(R79,"00")&"-"&TEXT(S79,"00")&"-"&TEXT(T79,"０00"),"") -> 点群-結合-01-03-01-005 | B79: 指定範囲の空間ID変換 (点群) | C79: 範囲外の経度緯度を入力する | D79: 緯度：85.05112877991 | E79: 準正常 | M79: =$A$7 -> 点群-結合-01-01-01-005 | R79: =IF(ROW()<>3,IF(B78<>B79,R78+1,R78),1) -> 3 | S79: =IF(B78=B79,IF(C78<>C79,S78+1,S78),1) -> 1 | T79: =IF(B78<>B79,1,IF(C78=C79,T78+1,1)) -> 5
A80: =IF(B80<>"",表紙!$AB$1&"-"&"結合-"&TEXT($S$1,"00")&"-"&TEXT(R80,"00")&"-"&TEXT(S80,"00")&"-"&TEXT(T80,"０00"),"") -> 点群-結合-01-03-01-006 | B80: 指定範囲の空間ID変換 (点群) | C80: 範囲外の経度緯度を入力する | D80: 緯度：-85.05112877991 | E80: 準正常 | M80: =$A$8 -> 点群-結合-01-01-01-006 | R80: =IF(ROW()<>3,IF(B79<>B80,R79+1,R79),1) -> 3 | S80: =IF(B79=B80,IF(C79<>C80,S79+1,S79),1) -> 1 | T80: =IF(B79<>B80,1,IF(C79=C80,T79+1,1)) -> 6
A81: =IF(B81<>"",表紙!$AB$1&"-"&"結合-"&TEXT($S$1,"00")&"-"&TEXT(R81,"00")&"-"&TEXT(S81,"00")&"-"&TEXT(T81,"０00"),"") -> 点群-結合-01-03-02-001 | B81: 指定範囲の空間ID変換 (点群) | C81: 精度閾値を超過した値を入力する | D81: 精度：36 | E81: 準正常 | G81: 1. 引数に以下を指定して、shape.GetSpatialIdsOnPointsを呼び出す。 地理座標リスト: 正常な任意の値 精度: 36 | H81: ・以下のspatialIdErrorが返却されること - エラーコード：InputValueError - エラーメッセージ：入力チェックエラー | I81: 44903 | J81: 宮原 | K81: OK | R81: =IF(ROW()<>3,IF(B80<>B81,R80+1,R80),1) -> 3 | S81: =IF(B80=B81,IF(C80<>C81,S80+1,S80),1) -> 2 | T81: =IF(B80<>B81,1,IF(C80=C81,T80+1,1)) -> 1
A82: =IF(B82<>"",表紙!$AB$1&"-"&"結合-"&TEXT($S$1,"00")&"-"&TEXT(R82,"00")&"-"&TEXT(S82,"00")&"-"&TEXT(T82,"０00"),"") -> 点群-結合-01-03-02-002 | B82: 指定範囲の空間ID変換 (点群) | C82: 精度閾値を超過した値を入力する | D82: 精度：-1 | E82: 準正常 | G82: 1. 引数に以下を指定して、shape.GetSpatialIdsOnPointsを呼び出す。 地理座標リスト: 正常な任意の値 精度: -1 | H82: ・以下のspatialIdErrorが返却されること - エラーコード：InputValueError - エラーメッセージ：入力チェックエラー | I82: 44903 | J82: 宮原 | K82: OK | R82: =IF(ROW()<>3,IF(B81<>B82,R81+1,R81),1) -> 3 | S82: =IF(B81=B82,IF(C81<>C82,S81+1,S81),1) -> 2 | T82: =IF(B81<>B82,1,IF(C81=C82,T81+1,1)) -> 2
A83: =IF(B83<>"",表紙!$AB$1&"-"&"結合-"&TEXT($S$1,"00")&"-"&TEXT(R83,"00")&"-"&TEXT(S83,"00")&"-"&TEXT(T83,"０00"),"") -> 点群-結合-01-03-03-001 | B83: 指定範囲の空間ID変換 (点群) | C83: 座標にnilを入力する | D83: - | E83: 準正常 | G83: 1. 引数に以下を指定して、shape.GetSpatialIdsOnPointsを呼び出す。 地理座標リスト: nil 精度: 正常な任意の値 | H83: ・以下のspatialIdErrorが返却されること - エラーコード：InputValueError - エラーメッセージ：入力チェックエラー | I83: 44903 | J83: 宮原 | K83: OK | R83: =IF(ROW()<>3,IF(B82<>B83,R82+1,R82),1) -> 3 | S83: =IF(B82=B83,IF(C82<>C83,S82+1,S82),1) -> 3 | T83: =IF(B82<>B83,1,IF(C82=C83,T82+1,1)) -> 1
A84: =IF(B84<>"",表紙!$AB$1&"-"&"結合-"&TEXT($S$1,"00")&"-"&TEXT(R84,"00")&"-"&TEXT(S84,"00")&"-"&TEXT(T84,"０00"),"") -> 点群-結合-01-03-04-001 | B84: 指定範囲の空間ID変換 (点群) | C84: 精度を変えても空間IDが取得できる | D84: 精度：0 ～ 35 | E84: 正常 | G84: 1. 引数に以下を指定して、shape.GetSpatialIdsOnPointsを呼び出す。 "【別紙2】精度入力パターン"シート"◆指定範囲の空間ID変換 (点群)"の「座標」、「精度」 ※0～35 全ての精度の結果を確認すること。 | H84: ・入力した座標パターンに対応した期待値が取得できること ・エラーインスタンスが返却されていないこと | I84: 44903 | J84: 宮原 | K84: OK | R84: =IF(ROW()<>3,IF(B83<>B84,R83+1,R83),1) -> 3 | S84: =IF(B83=B84,IF(C83<>C84,S83+1,S83),1) -> 4 | T84: =IF(B83<>B84,1,IF(C83=C84,T83+1,1)) -> 1
A85: =IF(B85<>"",表紙!$AB$1&"-"&"結合-"&TEXT($S$1,"00")&"-"&TEXT(R85,"00")&"-"&TEXT(S85,"00")&"-"&TEXT(T85,"０00"),"") -> 点群-結合-01-03-05-001 | B85: 指定範囲の空間ID変換 (点群) | C85: 「空間IDから座標への変換」で取得した中心座標を入力する | D85: - | E85: 正常 | G85: 1. 引数に以下を指定して、shape.GetPointOnSpatialIdを呼び出す。 空間ID：正常な任意の値 オプション：common.enum.Center 2. 引数に以下を指定して、shape.GetSpatialIdsOnPointsを呼び出す。 地理座標リスト: 手順1で取得した地理座標 精度: 手順1で入力した空間IDの精度 | H85: ・手順2実行で取得される空間IDが、手順1で入力したIDと同じであること ・エラーインスタンスが返却されていないこと | I85: 44903 | J85: 宮原 | K85: OK | R85: =IF(ROW()<>3,IF(B84<>B85,R84+1,R84),1) -> 3 | S85: =IF(B84=B85,IF(C84<>C85,S84+1,S84),1) -> 5 | T85: =IF(B84<>B85,1,IF(C84=C85,T84+1,1)) -> 1
A86: =IF(B86<>"",表紙!$AB$1&"-"&"結合-"&TEXT($S$1,"00")&"-"&TEXT(R86,"00")&"-"&TEXT(S86,"00")&"-"&TEXT(T86,"０00"),"") -> 点群-結合-01-03-06-001 | B86: 指定範囲の空間ID変換 (点群) | C86: 「空間IDから座標への変換」で取得した頂点座標を入力する | D86: - | E86: 正常 | G86: 1. 引数に以下を指定して、shape.GetPointOnSpatialIdを呼び出す。 空間ID：正常な任意の値 オプション：common.enum.Vertex 2. 引数に以下を指定して、shape.GetSpatialIdsOnPointsを呼び出す。 地理座標リスト: 手順1で取得した地理座標8つ 精度: 手順1で入力した空間IDの精度 | H86: ・"【別紙3】相互変換"シート"◆指定範囲の空間ID変換 (点群)"に記載されている、頂点座標のと変換後の空間IDの対応表と同様の結果が取得できること ・エラーインスタンスが返却されていないこと。 | I86: 44903 | J86: 宮原 | K86: OK | R86: =IF(ROW()<>3,IF(B85<>B86,R85+1,R85),1) -> 3 | S86: =IF(B85=B86,IF(C85<>C86,S85+1,S85),1) -> 6 | T86: =IF(B85<>B86,1,IF(C85=C86,T85+1,1)) -> 1
A87: =IF(B87<>"",表紙!$AB$1&"-"&"結合-"&TEXT($S$1,"00")&"-"&TEXT(R87,"00")&"-"&TEXT(S87,"00")&"-"&TEXT(T87,"０00"),"") -> 点群-結合-01-03-07-001 | B87: 指定範囲の空間ID変換 (点群) | C87: 取得した空間IDの成分が、拡張空間ID変換 で取得した場合の結果と等しい | D87: - | E87: 正常 | G87: 1. 引数に以下を指定して、shape.GetSpatialIdsOnPointsを呼び出す。 地理座標リスト: object.NewPoint(139.753098, 35.685371, 0.0) のPointを格納したリスト 精度: 26 | H87: ・以下の空間IDが取得できること。 26/0/59606297/26425045 ・エラーインスタンスが返却されていないこと。 | I87: 44903 | J87: 宮原 | K87: OK | R87: =IF(ROW()<>3,IF(B86<>B87,R86+1,R86),1) -> 3 | S87: =IF(B86=B87,IF(C86<>C87,S86+1,S86),1) -> 7 | T87: =IF(B86<>B87,1,IF(C86=C87,T86+1,1)) -> 1
A88: =IF(B88<>"",表紙!$AB$1&"-"&"結合-"&TEXT($S$1,"00")&"-"&TEXT(R88,"00")&"-"&TEXT(S88,"00")&"-"&TEXT(T88,"０00"),"") -> 点群-結合-01-04-01-001 | B88: 空間IDから座標への変換 | C88: 不正なoptionが入力される | D88: - | E88: 準正常 | G88: 1. 引数に以下を指定して、shape.GetPointOnSpatialIdを呼び出す。 空間ID：正常な任意の値 option： 10 | H88: ・以下のspatialIdErrorが返却されること - エラーコード：OptionFailedError - エラーメッセージ：オプション値の指定エラー | I88: 44903 | J88: 宮原 | K88: OK | R88: =IF(ROW()<>3,IF(B87<>B88,R87+1,R87),1) -> 4 | S88: =IF(B87=B88,IF(C87<>C88,S87+1,S87),1) -> 1 | T88: =IF(B87<>B88,1,IF(C87=C88,T87+1,1)) -> 1
A89: =IF(B89<>"",表紙!$AB$1&"-"&"結合-"&TEXT($S$1,"00")&"-"&TEXT(R89,"00")&"-"&TEXT(S89,"00")&"-"&TEXT(T89,"０00"),"") -> 点群-結合-01-04-02-001 | B89: 空間IDから座標への変換 | C89: 空の文字列が入力される | D89: - | E89: 準正常 | G89: 1. 引数に以下を指定して、shape.GetPointOnSpatialIdを呼び出す。 空間ID：空文字 option： common.enum.Center | H89: ・以下のspatialIdErrorが返却されること - エラーコード：InputValueError - エラーメッセージ：入力チェックエラー | I89: 44903 | J89: 宮原 | K89: OK | R89: =IF(ROW()<>3,IF(B88<>B89,R88+1,R88),1) -> 4 | S89: =IF(B88=B89,IF(C88<>C89,S88+1,S88),1) -> 2 | T89: =IF(B88<>B89,1,IF(C88=C89,T88+1,1)) -> 1
A90: =IF(B90<>"",表紙!$AB$1&"-"&"結合-"&TEXT($S$1,"00")&"-"&TEXT(R90,"00")&"-"&TEXT(S90,"00")&"-"&TEXT(T90,"０00"),"") -> 点群-結合-01-04-03-001 | B90: 空間IDから座標への変換 | C90: 空間IDフォーマット不正の空間IDが入力される | D90: 区切り文字不足： 2個以下 | E90: 準正常 | G90: 1. 引数に以下を指定して、shape.GetPointOnSpatialIdを呼び出す。 空間ID：10/10/10 option： common.enum.Center | H90: ・以下のspatialIdErrorが返却されること - エラーコード：InputValueError - エラーメッセージ：入力チェックエラー | I90: 44903 | J90: 宮原 | K90: OK | R90: =IF(ROW()<>3,IF(B89<>B90,R89+1,R89),1) -> 4 | S90: =IF(B89=B90,IF(C89<>C90,S89+1,S89),1) -> 3 | T90: =IF(B89<>B90,1,IF(C89=C90,T89+1,1)) -> 1
A91: =IF(B91<>"",表紙!$AB$1&"-"&"結合-"&TEXT($S$1,"00")&"-"&TEXT(R91,"00")&"-"&TEXT(S91,"00")&"-"&TEXT(T91,"０00"),"") -> 点群-結合-01-04-03-002 | B91: 空間IDから座標への変換 | C91: 空間IDフォーマット不正の空間IDが入力される | D91: 区切り文字過多： 4個以上 | E91: 準正常 | G91: 1. 引数に以下を指定して、shape.GetPointOnSpatialIdを呼び出す。 空間ID：10/10/10/10/10 option： common.enum.Vertex | H91: ・以下のspatialIdErrorが返却されること - エラーコード：InputValueError - エラーメッセージ：入力チェックエラー | I91: 44903 | J91: 宮原 | K91: OK | R91: =IF(ROW()<>3,IF(B90<>B91,R90+1,R90),1) -> 4 | S91: =IF(B90=B91,IF(C90<>C91,S90+1,S90),1) -> 3 | T91: =IF(B90<>B91,1,IF(C90=C91,T90+1,1)) -> 2
A92: =IF(B92<>"",表紙!$AB$1&"-"&"結合-"&TEXT($S$1,"00")&"-"&TEXT(R92,"00")&"-"&TEXT(S92,"00")&"-"&TEXT(T92,"０00"),"") -> 点群-結合-01-04-03-003 | B92: 空間IDから座標への変換 | C92: 空間IDフォーマット不正の空間IDが入力される | D92: 利用不可の文字を含む | E92: 準正常 | G92: 1. 引数に以下を指定して、shape.GetPointOnSpatialIdを呼び出す。 空間ID：10|10|10|10 option： common.enum.Center | H92: ・以下のspatialIdErrorが返却されること - エラーコード：InputValueError - エラーメッセージ：入力チェックエラー | I92: 44904 | J92: 宮原 | K92: OK | R92: =IF(ROW()<>3,IF(B91<>B92,R91+1,R91),1) -> 4 | S92: =IF(B91=B92,IF(C91<>C92,S91+1,S91),1) -> 3 | T92: =IF(B91<>B92,1,IF(C91=C92,T91+1,1)) -> 3
... A101: =IF(B101<>"",表紙!$AB$1&"-"&"結合-"&TEXT($S$1,"00")&"-"&TEXT(R101,"00")&"-"&TEXT(S101,"00")&"-"&TEXT(T101,"０00"),"") -> 点群-結合-01-04-07-001 | B101: 空間IDから座標への変換 | C101: 取得した座標が、拡張空間IDから座標への変換 で取得した場合の結果と等しい | D101: - | E101: 正常 | G101: 1. 引数に以下を指定して、shape.GetPointOnSpatialIdを呼び出す。 空間ID：26/0/59606297/26425045 オプション：common.enum.Center | H101: ・以下の座標が取得できること。 (139.75309699773788, 35.6853721543, 0.25) ・エラーインスタンスが返却されていないこと | I101: 44904 | J101: 宮原 | K101: OK | R101: =IF(ROW()<>3,IF(B100<>B101,R100+1,R100),1) -> 4 | S101: =IF(B100=B101,IF(C100<>C101,S100+1,S100),1) -> 7 | T101: =IF(B100<>B101,1,IF(C100=C101,T100+1,1)) -> 1
A102: =IF(B102<>"",表紙!$AB$1&"-"&"結合-"&TEXT($S$1,"00")&"-"&TEXT(R102,"00")&"-"&TEXT(S102,"00")&"-"&TEXT(T102,"０00"),"") | R102: =IF(ROW()<>3,IF(B101<>B102,R101+1,R101),1) -> 5 | S102: =IF(B101=B102,IF(C101<>C102,S101+1,S101),1) -> 1 | T102: =IF(B101<>B102,1,IF(C101=C102,T101+1,1)) -> 1
E106: A | F106: =COUNTIF($F$3:$F$102,E106) -> 0
E107: B | F107: =COUNTIF($F$3:$F$102,E107) -> 0
E108: C | F108: =COUNTIF($F$3:$F$102,E108) -> 0

Sheet 【別紙1】座標入力パターン
B2: 「指定範囲の拡張空間ID変換 (点群)」 の試験項目にて、点群の空間ID変換を行う際に入力するパラメータと、変換後の空間ID期待値を以下に記載する。
B3: ※期待値についてはPython版の点群APIにて同様の座標、精度を入力して取得した値を記載している。
C5: No | D5: 入力パターン種別 | E5: 座標パターン | F5: 入力座標（経度, 緯度, 高さ） | G5: 入力精度(水平, 垂直) | H5: 期待値
C6: 1-1 | D6: 座標閾値内 | E6: 任意の座標 | F6: (139.753098, 35.685371, 0.0) | G6: (18, 25) | H6: 18/232837/103222/25/0
C7: 1-2 | E7: 北半球西側 | F7: (-21.942400, 64.147209, 100.0) | G7: (9, 25) | H7: 9/224/136/25/100
C8: 1-3 | E8: 南半球 | F8: (-58.373490, -34.608510, -1300.0) | G8: (14, 25) | H8: 14/5535/9872/25/-1300
C9: 1-4 | E9: 地図上の左上 | F9: (-180.0, 85.05112877, -1300.0) | G9: (24, 25) | H9: 24/0/0/25/-1300
C10: 1-5 | E10: 地図上の右下 | F10: (179.99999999, -85.05112877, -1300.0) | G10: (10, 25) | H10: 10/1023/1023/25/-1300
C11: 1-6 | E11: 原点 | F11: (0.0, 0.0, -1300.0) | G11: (9, 25) | H11: 9/256/256/25/-1300
C12: 2-1 | D12: 経度緯度の境界値 | E12: 経度境界値 | F12: (180.0, -35.685371, 1.0) | G12: (10, 35) | H12: 10/0/620/35/1024
C13: 2-2 | F13: (-180.0, 35.685371, -1300.0) | G13: (24, 25) | H13: 24/0/6606261/25/-1300
C14: 2-3 | E14: 緯度境界値 | F14: (139.753098, 85.0511287798, 500.0) | G14: (26, 10) | H14: 26/59606297/0/10/0
C15: 2-4 | F15: (139.753098, -85.0511287798, 500.0) | G15: (26, 10) | H15: 26/59606297/67108863/10/0
C16: 2-5 | E16: 経度緯度境界値 | F16: (180.0, -85.0511287798, 1.0) | G16: (10, 35) | H16: 10/0/1023/35/1024
C17: 2-6 | F17: (-180.0, 85.0511287798, -1300.0) | G17: (24, 25) | H17: 24/0/0/25/-1300
C18: 3-1 | D18: 経度、緯度、高さ 0 | E18: 経度0 | F18: (0.0, 0.0, -1300.0) | G18: (9, 25) | H18: 9/256/256/25/-1300
C19: 3-2 | E19: 緯度0 | F19: (0.0, 0.0, -1300.0) | G19: (9, 25) | H19: 9/256/256/25/-1300
C20: 3-3 | E20: 高さ0 | F20: (139.753098, 35.685371, 0.0) | G20: (26, 26) | H20: 26/59606297/26425045/26/0
C21: 3-4 | E21: 経度, 緯度, 高さ | F21: (0.0, 0.0, 0.0) | G21: (26, 26) | H21: 26/33554432/33554432/26/0
C22: 4-1 | D22: 緯度桁数上限 | E22: 11桁以上 | F22: (-21.942400, 64.14720900001, 100.0) | G22: (9, 25) | H22: 9/224/136/25/100
C23: 4-2 | F23: (-58.373490, -34.60851000001, -1300.0) | G23: (14, 25) | H23: 14/5535/9872/25/-1300
C24: 4-3 | E24: 10桁 | F24: (139.753098, 85.0511287798, 500.0) | G24: (26, 10) | H24: 26/59606297/0/10/0
C25: 4-4 | F25: (139.753098, -85.0511287798, 500.0) | G25: (26, 10) | H25: 26/59606297/67108863/10/0
C26: 5-1 | D26: 高さが負の値 | E26: - | F26: (179.99999999, -85.05112877, -1300.0) | G26: (10, 25) | H26: 10/1023/1023/25/-1300
C27: 6-1 | D27: 変換後空間ID重複する複数の座標 | E27: - | F27: (139.753098, 35.615309, 0.0) (139.753098, 35.615310, 0.0) (139.753098, 35.615311, 0.0) (139.753098, 35.615312, 0.0) (139.753098, 35.615313, 0.0) (139.753098, 35.615314, 0.0) (139.753098, 35.615315, 0.0) (139.753098, 35.615316, 0.0) | G27: (26, 26) | H27: 26/59606297/26441118/26/0 26/59606297/26441118/26/0 26/59606297/26441118/26/0 26/59606297/26441117/26/0 26/59606297/26441117/26/0 26/59606297/26441117/26/0 26/59606297/26441117/26/0 26/59606297/26441116/26/0

Sheet 【別紙2】精度入力パターン
B2: ◆指定範囲の拡張空間ID変換 (点群)
B3: 「指定範囲の拡張空間ID変換 (点群)」 の試験項目にて、点群の空間ID変換を行う際に入力するパラメータと、変換後の空間ID期待値を以下に記載する。
B4: ※期待値についてはPython版の点群APIにて同様の座標、精度を入力して取得した値を記載している。
B6: 入力座標については以下の値で固定とする。
C8: 入力座標（経度, 緯度, 高さ）
C9: (139.753098, 35.685371, 1000.0)
C11: 入力パターン種別 | D11: 入力水平/垂直精度 | E11: 期待値
C12: 精度閾値内 | D12: 0 | E12: 0/0/0/0/0
D13: 1 | E13: 1/1/0/1/0
D14: 2 | E14: 2/3/1/2/0
D15: 3 | E15: 3/7/3/3/0
D16: 4 | E16: 4/14/6/4/0
D17: 5 | E17: 5/28/12/5/0
D18: 6 | E18: 6/56/25/6/0
D19: 7 | E19: 7/113/50/7/0
D20: 8 | E20: 8/227/100/8/0
D21: 9 | E21: 9/454/201/9/0
D22: 10 | E22: 10/909/403/10/0
D23: 11 | E23: 11/1819/806/11/0
D24: 12 | E24: 12/3638/1612/12/0
... D47: 35 | E47: 35/30518424415/13529623431/35/1024000
B52: ◆拡張空間IDから座標への変換
B53: 「空間IDから座標への変換」 の試験項目にて、空間IDの座標変換を行う際に入力するパラメータと、変換後の期待値を以下に記載する。
B54: ※期待値についてはPython版の点群APIにて同様の空間ID、オプションを入力して取得した値を記載している。
B56: 入力オプションについては以下の値で固定とする。
C58: オプション
C59: common.enum.Center
C61: 入力パターン種別 | D61: 入力空間ID | E61: 期待値（経度, 緯度, 高さ）
C62: 精度閾値内 | D62: 0/0/0/0/0 | E62: (0.0, 0.0, 16777216.0)
D63: 1/0/0/1/0 | E63: (-90.0, 42.5255643899, 8388608.0)
D64: 2/0/0/2/0 | E64: (-135.0, 75.7821946114, 4194304.0)
D65: 3/0/0/3/0 | E65: (-157.5, 82.1112317102, 2097152.0)
D66: 4/0/0/4/0 | E66: (-168.75, 83.863706879, 1048576.0)
D67: 5/0/0/5/0 | E67: (-174.375, 84.5151941393, 524288.0)
D68: 6/0/0/6/0 | E68: (-177.1875, 84.7962449264, 262144.0)
D69: 7/0/0/7/0 | E69: (-178.59375, 84.926801252, 131072.0)
D70: 8/0/0/8/0 | E70: (-179.296875, 84.9897248546, 65536.0)
D71: 9/0/0/9/0 | E71: (-179.6484375, 85.02061448, 32768.0)
D72: 10/0/0/10/0 | E72: (-179.82421875, 85.0359182614, 16384.0)
D73: 11/0/0/11/0 | E73: (-179.912109375, 85.0435351431, 8192.0)
D74: 12/0/0/12/0 | E74: (-179.9560546875, 85.0473348627, 4096.0)
... D97: 35/0/0/35/0 | E97: (-179.9999999947613, 85.0511287793, 0.00048828125)
B101: ◆指定範囲の空間ID変換 (点群)
B102: 「指定範囲の空間ID変換 (点群)」 の試験項目にて、点群の空間ID変換を行う際に入力するパラメータと、変換後の空間ID期待値を以下に記載する。
B103: 入力座標については以下の値で固定とする。
C105: 入力座標（経度, 緯度, 高さ）
C106: (139.753098, 35.685371, 1000.0)
C108: 入力パターン種別 | D108: 入力精度 | E108: 期待値
C109: 精度閾値内 | D109: 0 | E109: 0/0/0/0
D110: 1 | E110: 1/0/1/0
D111: 2 | E111: 2/0/3/1
D112: 3 | E112: 3/0/7/3
D113: 4 | E113: 4/0/14/6
D114: 5 | E114: 5/0/28/12
D115: 6 | E115: 6/0/56/25
D116: 7 | E116: 7/0/113/50
D117: 8 | E117: 8/0/227/100
D118: 9 | E118: 9/0/454/201
D119: 10 | E119: 10/0/909/403
D120: 11 | E120: 11/0/1819/806
D121: 12 | E121: 12/0/3638/1612
... D144: 35 | E144: 35/1024000/30518424415/13529623431
B148: ◆空間IDから座標への変換
B149: 「空間IDから座標への変換」 の試験項目にて、空間IDの座標変換を行う際に入力するパラメータと、変換後の期待値を以下に記載する。
C151: オプション
C152: common.enum.Center
C154: 入力パターン種別 | D154: 入力空間ID | E154: 期待値（経度, 緯度, 高さ）
C155: 精度閾値内 | D155: 0/0/0/0 | E155: (0.0, 0.0, 16777216.0)
D156: 1/0/0/0 | E156: (-90.0, 42.5255643899, 8388608.0)
D157: 2/0/0/0 | E157: (-135.0, 75.7821946114, 4194304.0)
D158: 3/0/0/0 | E158: (-157.5, 82.1112317102, 2097152.0)
D159: 4/0/0/0 | E159: (-168.75, 83.863706879, 1048576.0)
D160: 5/0/0/0 | E160: (-174.375, 84.5151941393, 524288.0)
D161: 6/0/0/0 | E161: (-177.1875, 84.7962449264, 262144.0)
D162: 7/0/0/0 | E162: (-178.59375, 84.926801252, 131072.0)
D163: 8/0/0/0 | E163: (-179.296875, 84.9897248546, 65536.0)
D164: 9/0/0/0 | E164: (-179.6484375, 85.02061448, 32768.0)
D165: 10/0/0/0 | E165: (-179.82421875, 85.0359182614, 16384.0)
D166: 11/0/0/0 | E166: (-179.912109375, 85.0435351431, 8192.0)
D167: 12/0/0/0 | E167: (-179.9560546875, 85.0473348627, 4096.0)
... D190: 35/0/0/0 | E190: (-179.9999999947613, 85.0511287793, 0.00048828125)

Sheet 【別紙3】相互変換
B2: ◆指定範囲の拡張空間ID変換 (点群)
B3: 「指定範囲の拡張空間ID変換 (点群)」 の試験項目にて、以下のパターンの試験の確認内容について記載する。
C4: ・「拡張空間IDから座標への変換」で取得した頂点座標を入力
B6: 試験用の頂点座標群取得は、以下の形式で関数を呼び出して結果を変数に格納する。※1
C7: 座標群取得
C8: points, _ := GetPointOnExtendedSpatialId("空間ID", common.enum.Vertex)
B10: 座標への変換で取得した8つの頂点座標を空間IDに変換した場合、変換後の空間IDは以下のようになる。
B11: 試験時は、取得した頂点座標を空間IDに変換した際、以下の対応表と同様の結果となることを確認すること。
C13: 頂点座標 | D13: 空間ID変換時の期待値
C14: points[0] | D14: 入力時の空間IDと同じID
C15: points[1] | D15: 経度インデックス+1
C16: points[2] | D16: 経度インデックス, 緯度インデックス+1
C17: points[3] | D17: 緯度インデックス+1
C18: points[4] | D18: 高さインデックス+1
C19: points[5] | D19: 経度インデックス, 高さインデックス+1
C20: points[6] | D20: 全てのインデックスが+1
C21: points[7] | D21: 緯度インデックス, 高さインデックス+1
B25: 〇実行例
C26: 座標群取得（試験対象の空間IDを "10/5/5/10/10" とする場合）
C27: points, _ := GetPointOnExtendedSpatialId("10/5/5/10/10", common.enum.Vertex)
C29: 頂点座標 | D29: 空間ID変換時の期待値
C30: points[0] | D30: 10/5/5/10/10
C31: points[1] | D31: 10/6/5/10/10
C32: points[2] | D32: 10/6/6/10/10
C33: points[3] | D33: 10/5/6/10/10
C34: points[4] | D34: 10/5/5/10/11
C35: points[5] | D35: 10/6/5/10/11
C36: points[6] | D36: 10/6/6/10/11
C37: points[7] | D37: 10/5/6/10/11
B41: ◆指定範囲の空間ID変換 (点群)
B42: 「指定範囲の空間ID変換 (点群)」 の試験項目にて、以下のパターンの試験の確認内容について記載する。
C43: ・「空間IDから座標への変換」で取得した頂点座標を入力
B45: 試験用の頂点座標群取得は、以下の形式で関数を呼び出して結果を変数に格納する。※1
C46: 座標群取得
C47: points, _ := GetPointOnSpatialId("空間ID", common.enum.Vertex)
B49: 取得した8つの頂点座標を空間IDに変換した際のインデックスの値については、
B50: 拡張空間IDの場合と同様の対応になる。
B52: 〇実行例
C53: 座標群取得 （試験対象の空間IDを "10/10/5/5" とする場合）
C54: points, _ := GetPointOnSpatialId("空間ID", common.enum.Vertex)
C56: 頂点座標 | D56: 空間ID変換時の期待値
C57: points[0] | D57: 10/10/5/5
C58: points[1] | D58: 10/10/6/5
C59: points[2] | D59: 10/10/6/6
C60: points[3] | D60: 10/10/5/6
C61: points[4] | D61: 10/11/5/5
C62: points[5] | D62: 10/11/6/5
C63: points[6] | D63: 10/11/6/6
C64: points[7] | D64: 10/11/5/6
B69: ※1 関数の戻り値でエラーインスタンスが返却されるため、座標群のみを1度変数に格納し、その後頂点座標を参照する必要あり。

Sheet 【別紙4】空間ID入力パターン
B2: 「拡張空間IDから座標への変換」 の試験項目にて、空間IDの座標変換を行う際に入力するパラメータと、変換後の座標の期待値を以下に記載する。
B3: ※期待値についてはPython版の点群APIにて同様の空間ID、オプションを入力して取得した値を記載している。
C5: No | D5: 入力パターン種別 | E5: 空間IDパターン | F5: 入力空間ID | G5: 入力オプション | H5: 期待値（経度, 緯度, 高さ）
C6: 1-1 | D6: 座標に正しく変換される | E6: 任意の空間ID | F6: 18/232837/103222/18/32 | G6: common.enum.Center | H6: (139.75364685058594, 35.6857446882, 4160)
C7: 1-2 | E7: 北半球西側 | F7: 9/224/136/26/852 | G7: common.enum.Vertex | H7: (-22.5, 64.1681068979, 426) (-21.796875, 64.1681068979, 426) (-21.796875, 63.8600358953, 426) (-22.5, 63.8600358953, 426) (-22.5, 64.1681068979, 426.5) (-21.796875, 64.1681068979, 426.5) (-21.796875, 63.8600358953, 426.5) (-22.5, 63.8600358953, 426.5)
C8: 1-3 | E8: 南半球 | F8: 14/5535/9872/1/1 | G8: common.enum.Center | H8: (-58.370361328125, -34.6060840997, 25165824)
C9: 1-4 | E9: 地図上の左上を含む | F9: 24/0/0/26/852 | G9: common.enum.Vertex | H9: (-180, 85.0511287798, 426) (-179.99997854232788, 85.0511287798, 426) (-179.99997854232788, 85.0511269287, 426) (-180, 85.0511269287, 426) (-180, 85.0511287798, 426.5) (-179.99997854232788, 85.0511287798, 426.5) (-179.99997854232788, 85.0511269287, 426.5) (-180, 85.0511269287, 426.5)
C10: 1-5 | E10: 地図上の右下を含む | F10: 10/1023/1023/1/1 | G10: common.enum.Vertex | H10: (179.6484375, -85.0207077431, 16777216) (180, -85.0207077431, 16777216) (180, -85.0511287798, 16777216) (179.6484375, -85.0511287798, 16777216) (179.6484375, -85.0207077431, 33554432) (180, -85.0207077431, 33554432) (180, -85.0511287798, 33554432) (179.6484375, -85.0511287798, 33554432)
C11: 1-6 | E11: 原点を含む | F11: 9/256/256/26/852 | G11: common.enum.Vertex | H11: (0, 0, 426) (0.703125, 0, 426) (0.703125, -0.7031073524, 426) (0, -0.7031073524, 426) (0, 0, 426.5) (0.703125, 0, 426.5) (0.703125, -0.7031073524, 426.5) (0, -0.7031073524, 426.5)
C12: 2-1 | D12: 高さインデックスに負の値が設定された空間IDが正しく変換される | E12: - | F12: 10/5/5/10/-5 | G12: common.enum.Center | H12: (-178.06640625, 84.8814644094, -147456)
C13: 3-1 | D13: 空間IDのインデックス値が[2^精度]の境界値を入力 | E13: 経度インデックス | F13: 10/1023/1023/1/1 | G13: common.enum.Vertex | H13: (179.6484375, -85.0207077431, 16777216) (180, -85.0207077431, 16777216) (180, -85.0511287798, 16777216) (179.6484375, -85.0511287798, 16777216) (179.6484375, -85.0207077431, 33554432) (180, -85.0207077431, 33554432) (180, -85.0511287798, 33554432) (179.6484375, -85.0511287798, 33554432)
C14: 3-2 | E14: 緯度インデックス | F14: 10/1023/1023/1/1 | G14: common.enum.Vertex | H14: (179.6484375, -85.0207077431, 16777216) (180, -85.0207077431, 16777216) (180, -85.0511287798, 16777216) (179.6484375, -85.0511287798, 16777216) (179.6484375, -85.0207077431, 33554432) (180, -85.0207077431, 33554432) (180, -85.0511287798, 33554432) (179.6484375, -85.0511287798, 33554432)
C15: 4-1 | D15: 空間IDのインデックス値が[2^精度]を超えていても正しく変換される | E15: 経度インデックス | F15: 10/2048/2048/26/852 | G15: common.enum.Vertex | H15: (-180, -85.0207077431, 426) (-179.6484375, -85.0207077431, 426) (-179.6484375, -85.0511287798, 426) (-180, -85.0511287798, 426) (-180, -85.0207077431, 426.5) (-179.6484375, -85.0207077431, 426.5) (-179.6484375, -85.0511287798, 426.5) (-180, -85.0511287798, 426.5))
C16: 4-2 | E16: 緯度インデックス | F16: 10/2048/2048/26/852 | G16: common.enum.Vertex | H16: (-180, -85.0207077431, 426) (-179.6484375, -85.0207077431, 426) (-179.6484375, -85.0511287798, 426) (-180, -85.0511287798, 426) (-180, -85.0207077431, 426.5) (-179.6484375, -85.0207077431, 426.5) (-179.6484375, -85.0511287798, 426.5) (-180, -85.0511287798, 426.5))
C17: 5-1 | D17: 頂点の座標(計８個)が返却される | E17: - | F17: 18/232837/103222/18/32 | G17: common.enum.Center | H17: (139.75364685058594, 35.6857446882, 4160)
C18: 6-1 | D18: 中心点の座標(計1個)が返却される | E18: - | F18: 9/224/136/26/852 | G18: common.enum.Vertex | H18: (-22.5, 64.1681068979, 426) (-21.796875, 64.1681068979, 426) (-21.796875, 63.8600358953, 426) (-22.5, 63.8600358953, 426) (-22.5, 64.1681068979, 426.5) (-21.796875, 64.1681068979, 426.5) (-21.796875, 63.8600358953, 426.5) (-22.5, 63.8600358953, 426.5)
